"Seas","Fleet","Area","Obs","Exp","Nsamp_adj","Nsamp_in","effN","Bin","SuprPer","year","model_run","iteration","scenario"
1,3,1,1e-10,1e-10,45,45,50.6464,5,"No",69,"em","1","opaka-sim"
1,3,1,1e-10,1.02672e-10,45,45,50.6464,10,"No",69,"em","1","opaka-sim"
1,3,1,0.0723493,0.0317689,45,45,50.6464,15,"No",69,"em","1","opaka-sim"
1,3,1,0.18631,0.121534,45,45,50.6464,20,"No",69,"em","1","opaka-sim"
1,3,1,0.0465445,0.101251,45,45,50.6464,25,"No",69,"em","1","opaka-sim"
1,3,1,0.123182,0.107846,45,45,50.6464,30,"No",69,"em","1","opaka-sim"
1,3,1,0.24726,0.229358,45,45,50.6464,35,"No",69,"em","1","opaka-sim"
1,3,1,0.177016,0.131634,45,45,50.6464,40,"No",69,"em","1","opaka-sim"
1,3,1,0.051526,0.117511,45,45,50.6464,45,"No",69,"em","1","opaka-sim"
1,3,1,0.0338903,0.0570814,45,45,50.6464,50,"No",69,"em","1","opaka-sim"
1,3,1,0.0486984,0.0428843,45,45,50.6464,55,"No",69,"em","1","opaka-sim"
1,3,1,0.013118,0.0335744,45,45,50.6464,60,"No",69,"em","1","opaka-sim"
1,3,1,6.30755e-05,0.0199191,45,45,50.6464,65,"No",69,"em","1","opaka-sim"
1,3,1,4.30023e-05,0.00515225,45,45,50.6464,70,"No",69,"em","1","opaka-sim"
1,3,1,3.27513e-10,0.0004756,45,45,50.6464,75,"No",69,"em","1","opaka-sim"
1,3,1,1e-10,1.08056e-05,45,45,50.6464,80,"No",69,"em","1","opaka-sim"
1,3,1,1e-10,3.8813e-08,45,45,50.6464,85,"No",69,"em","1","opaka-sim"
1,3,1,1e-10,1e-10,45,45,43.4989,5,"No",70,"em","1","opaka-sim"
1,3,1,1e-10,1.03219e-10,45,45,43.4989,10,"No",70,"em","1","opaka-sim"
1,3,1,0.0200208,0.0382722,45,45,43.4989,15,"No",70,"em","1","opaka-sim"
1,3,1,0.263167,0.147231,45,45,43.4989,20,"No",70,"em","1","opaka-sim"
1,3,1,0.132153,0.196207,45,45,43.4989,25,"No",70,"em","1","opaka-sim"
1,3,1,0.178788,0.152104,45,45,43.4989,30,"No",70,"em","1","opaka-sim"
1,3,1,0.102013,0.100684,45,45,43.4989,35,"No",70,"em","1","opaka-sim"
1,3,1,0.131159,0.14373,45,45,43.4989,40,"No",70,"em","1","opaka-sim"
1,3,1,0.068052,0.0972892,45,45,43.4989,45,"No",70,"em","1","opaka-sim"
1,3,1,0.0301205,0.0383459,45,45,43.4989,50,"No",70,"em","1","opaka-sim"
1,3,1,0.0281589,0.0353525,45,45,43.4989,55,"No",70,"em","1","opaka-sim"
1,3,1,0.0415953,0.0296179,45,45,43.4989,60,"No",70,"em","1","opaka-sim"
1,3,1,0.00467752,0.0165216,45,45,43.4989,65,"No",70,"em","1","opaka-sim"
1,3,1,9.32488e-05,0.00423768,45,45,43.4989,70,"No",70,"em","1","opaka-sim"
1,3,1,2.41602e-06,0.000399169,45,45,43.4989,75,"No",70,"em","1","opaka-sim"
1,3,1,1e-10,9.21772e-06,45,45,43.4989,80,"No",70,"em","1","opaka-sim"
1,3,1,1e-10,3.30676e-08,45,45,43.4989,85,"No",70,"em","1","opaka-sim"
1,3,1,1e-10,1e-10,45,45,37.2023,5,"No",71,"em","1","opaka-sim"
1,3,1,1e-10,1.02526e-10,45,45,37.2023,10,"No",71,"em","1","opaka-sim"
1,3,1,0.0341272,0.030038,45,45,37.2023,15,"No",71,"em","1","opaka-sim"
1,3,1,0.124602,0.116395,45,45,37.2023,20,"No",71,"em","1","opaka-sim"
1,3,1,0.147969,0.230447,45,45,37.2023,25,"No",71,"em","1","opaka-sim"
1,3,1,0.13002,0.188852,45,45,37.2023,30,"No",71,"em","1","opaka-sim"
1,3,1,0.204389,0.169302,45,45,37.2023,35,"No",71,"em","1","opaka-sim"
1,3,1,0.0857891,0.0934956,45,45,37.2023,40,"No",71,"em","1","opaka-sim"
1,3,1,0.0962142,0.0736723,45,45,37.2023,45,"No",71,"em","1","opaka-sim"
1,3,1,0.0132295,0.0295868,45,45,37.2023,50,"No",71,"em","1","opaka-sim"
1,3,1,0.00666689,0.0260149,45,45,37.2023,55,"No",71,"em","1","opaka-sim"
1,3,1,0.120166,0.0247833,45,45,37.2023,60,"No",71,"em","1","opaka-sim"
1,3,1,0.00343027,0.0136611,45,45,37.2023,65,"No",71,"em","1","opaka-sim"
1,3,1,0.0333966,0.00342053,45,45,37.2023,70,"No",71,"em","1","opaka-sim"
1,3,1,1e-10,0.000323906,45,45,37.2023,75,"No",71,"em","1","opaka-sim"
1,3,1,1e-10,7.62577e-06,45,45,37.2023,80,"No",71,"em","1","opaka-sim"
1,3,1,1e-10,2.75814e-08,45,45,37.2023,85,"No",71,"em","1","opaka-sim"
1,3,1,1e-10,1e-10,45,45,63.7762,5,"No",72,"em","1","opaka-sim"
1,3,1,1e-10,1.0141e-10,45,45,63.7762,10,"No",72,"em","1","opaka-sim"
1,3,1,0.0128859,0.0167645,45,45,63.7762,15,"No",72,"em","1","opaka-sim"
1,3,1,0.0882681,0.0657787,45,45,63.7762,20,"No",72,"em","1","opaka-sim"
1,3,1,0.275642,0.202947,45,45,63.7762,25,"No",72,"em","1","opaka-sim"
1,3,1,0.170237,0.178177,45,45,63.7762,30,"No",72,"em","1","opaka-sim"
1,3,1,0.147726,0.226772,45,45,63.7762,35,"No",72,"em","1","opaka-sim"
1,3,1,0.142207,0.148741,45,45,63.7762,40,"No",72,"em","1","opaka-sim"
1,3,1,0.104086,0.0757888,45,45,63.7762,45,"No",72,"em","1","opaka-sim"
1,3,1,0.018654,0.0250383,45,45,63.7762,50,"No",72,"em","1","opaka-sim"
1,3,1,0.0202301,0.0217472,45,45,63.7762,55,"No",72,"em","1","opaka-sim"
1,3,1,0.00882577,0.0221247,45,45,63.7762,60,"No",72,"em","1","opaka-sim"
1,3,1,0.0112388,0.0126887,45,45,63.7762,65,"No",72,"em","1","opaka-sim"
1,3,1,4.11269e-09,0.00313091,45,45,63.7762,70,"No",72,"em","1","opaka-sim"
1,3,1,8.73046e-09,0.000293395,45,45,63.7762,75,"No",72,"em","1","opaka-sim"
1,3,1,1e-10,7.00185e-06,45,45,63.7762,80,"No",72,"em","1","opaka-sim"
1,3,1,1e-10,2.56743e-08,45,45,63.7762,85,"No",72,"em","1","opaka-sim"
1,3,1,1e-10,1e-10,45,45,128.221,5,"No",73,"em","1","opaka-sim"
1,3,1,1e-10,1.01122e-10,45,45,128.221,10,"No",73,"em","1","opaka-sim"
1,3,1,0.00696795,0.0133395,45,45,128.221,15,"No",73,"em","1","opaka-sim"
1,3,1,0.0738232,0.0520292,45,45,128.221,20,"No",73,"em","1","opaka-sim"
1,3,1,0.173987,0.133283,45,45,128.221,25,"No",73,"em","1","opaka-sim"
1,3,1,0.121045,0.13063,45,45,128.221,30,"No",73,"em","1","opaka-sim"
1,3,1,0.2785,0.240913,45,45,128.221,35,"No",73,"em","1","opaka-sim"
1,3,1,0.193913,0.210389,45,45,128.221,40,"No",73,"em","1","opaka-sim"
1,3,1,0.079248,0.126922,45,45,128.221,45,"No",73,"em","1","opaka-sim"
1,3,1,0.0393986,0.0300366,45,45,128.221,50,"No",73,"em","1","opaka-sim"
1,3,1,0.0100313,0.0220548,45,45,128.221,55,"No",73,"em","1","opaka-sim"
1,3,1,0.016912,0.0228846,45,45,128.221,60,"No",73,"em","1","opaka-sim"
1,3,1,0.00562334,0.0137716,45,45,128.221,65,"No",73,"em","1","opaka-sim"
1,3,1,0.000550262,0.00342199,45,45,128.221,70,"No",73,"em","1","opaka-sim"
1,3,1,5.87562e-09,0.000316594,45,45,128.221,75,"No",73,"em","1","opaka-sim"
1,3,1,1e-10,7.56667e-06,45,45,128.221,80,"No",73,"em","1","opaka-sim"
1,3,1,1e-10,2.81087e-08,45,45,128.221,85,"No",73,"em","1","opaka-sim"
1,3,1,1e-10,1e-10,45,45,120.098,5,"No",74,"em","1","opaka-sim"
1,3,1,1e-10,1.00836e-10,45,45,120.098,10,"No",74,"em","1","opaka-sim"
1,3,1,0.0303246,0.00993936,45,45,120.098,15,"No",74,"em","1","opaka-sim"
1,3,1,0.0145683,0.0389871,45,45,120.098,20,"No",74,"em","1","opaka-sim"
1,3,1,0.12347,0.119264,45,45,120.098,25,"No",74,"em","1","opaka-sim"
1,3,1,0.0833521,0.111089,45,45,120.098,30,"No",74,"em","1","opaka-sim"
1,3,1,0.170114,0.184981,45,45,120.098,35,"No",74,"em","1","opaka-sim"
1,3,1,0.286735,0.229639,45,45,120.098,40,"No",74,"em","1","opaka-sim"
1,3,1,0.170446,0.181267,45,45,120.098,45,"No",74,"em","1","opaka-sim"
1,3,1,0.0815422,0.0506421,45,45,120.098,50,"No",74,"em","1","opaka-sim"
1,3,1,0.00154475,0.0271363,45,45,120.098,55,"No",74,"em","1","opaka-sim"
1,3,1,0.0271235,0.0261824,45,45,120.098,60,"No",74,"em","1","opaka-sim"
1,3,1,0.0102848,0.0163424,45,45,120.098,65,"No",74,"em","1","opaka-sim"
1,3,1,0.000494958,0.00414051,45,45,120.098,70,"No",74,"em","1","opaka-sim"
1,3,1,1e-10,0.000382192,45,45,120.098,75,"No",74,"em","1","opaka-sim"
1,3,1,1e-10,9.06554e-06,45,45,120.098,80,"No",74,"em","1","opaka-sim"
1,3,1,1e-10,3.38972e-08,45,45,120.098,85,"No",74,"em","1","opaka-sim"
1,3,1,1e-10,1e-10,45,45,32.2331,5,"No",75,"em","1","opaka-sim"
1,3,1,1e-10,1.00856e-10,45,45,32.2331,10,"No",75,"em","1","opaka-sim"
1,3,1,0.000347914,0.0101801,45,45,32.2331,15,"No",75,"em","1","opaka-sim"
1,3,1,0.021359,0.0396487,45,45,32.2331,20,"No",75,"em","1","opaka-sim"
1,3,1,0.025185,0.0964634,45,45,32.2331,25,"No",75,"em","1","opaka-sim"
1,3,1,0.210697,0.0942875,45,45,32.2331,30,"No",75,"em","1","opaka-sim"
1,3,1,0.117708,0.176359,45,45,32.2331,35,"No",75,"em","1","opaka-sim"
1,3,1,0.203644,0.201197,45,45,32.2331,40,"No",75,"em","1","opaka-sim"
1,3,1,0.198863,0.19955,45,45,32.2331,45,"No",75,"em","1","opaka-sim"
1,3,1,0.0575416,0.0792124,45,45,32.2331,50,"No",75,"em","1","opaka-sim"
1,3,1,0.0882293,0.0426971,45,45,32.2331,55,"No",75,"em","1","opaka-sim"
1,3,1,0.0137203,0.0336514,45,45,32.2331,60,"No",75,"em","1","opaka-sim"
1,3,1,0.0554322,0.0208422,45,45,32.2331,65,"No",75,"em","1","opaka-sim"
1,3,1,0.00727326,0.00539578,45,45,32.2331,70,"No",75,"em","1","opaka-sim"
1,3,1,1e-10,0.000502774,45,45,32.2331,75,"No",75,"em","1","opaka-sim"
1,3,1,1e-10,1.18426e-05,45,45,32.2331,80,"No",75,"em","1","opaka-sim"
1,3,1,1e-10,4.42074e-08,45,45,32.2331,85,"No",75,"em","1","opaka-sim"
1,3,1,0.0588235,1e-10,10,10,10.2934,5,"No",69,"om","1","opaka-sim"
1,3,1,0.0588235,1.02406e-10,10,10,10.2934,10,"No",69,"om","1","opaka-sim"
1,3,1,0.0588235,0.0331923,10,10,10.2934,15,"No",69,"om","1","opaka-sim"
1,3,1,0.0588235,0.107476,10,10,10.2934,20,"No",69,"om","1","opaka-sim"
1,3,1,0.0588235,0.11083,10,10,10.2934,25,"No",69,"om","1","opaka-sim"
1,3,1,0.0588235,0.119158,10,10,10.2934,30,"No",69,"om","1","opaka-sim"
1,3,1,0.0588235,0.259083,10,10,10.2934,35,"No",69,"om","1","opaka-sim"
1,3,1,0.0588235,0.14796,10,10,10.2934,40,"No",69,"om","1","opaka-sim"
1,3,1,0.0588235,0.097459,10,10,10.2934,45,"No",69,"om","1","opaka-sim"
1,3,1,0.0588235,0.0524441,10,10,10.2934,50,"No",69,"om","1","opaka-sim"
1,3,1,0.0588235,0.0316957,10,10,10.2934,55,"No",69,"om","1","opaka-sim"
1,3,1,0.0588235,0.023818,10,10,10.2934,60,"No",69,"om","1","opaka-sim"
1,3,1,0.0588235,0.0134075,10,10,10.2934,65,"No",69,"om","1","opaka-sim"
1,3,1,0.0588235,0.00319732,10,10,10.2934,70,"No",69,"om","1","opaka-sim"
1,3,1,0.0588235,0.000272772,10,10,10.2934,75,"No",69,"om","1","opaka-sim"
1,3,1,0.0588235,5.74206e-06,10,10,10.2934,80,"No",69,"om","1","opaka-sim"
1,3,1,0.0588235,1.9232e-08,10,10,10.2934,85,"No",69,"om","1","opaka-sim"
1,3,1,0.0588235,1e-10,10,10,12.0616,5,"No",70,"om","1","opaka-sim"
1,3,1,0.0588235,1.02988e-10,10,10,12.0616,10,"No",70,"om","1","opaka-sim"
1,3,1,0.0588235,0.0412334,10,10,12.0616,15,"No",70,"om","1","opaka-sim"
1,3,1,0.0588235,0.134065,10,10,12.0616,20,"No",70,"om","1","opaka-sim"
1,3,1,0.0588235,0.187671,10,10,12.0616,25,"No",70,"om","1","opaka-sim"
1,3,1,0.0588235,0.148813,10,10,12.0616,30,"No",70,"om","1","opaka-sim"
1,3,1,0.0588235,0.119621,10,10,12.0616,35,"No",70,"om","1","opaka-sim"
1,3,1,0.0588235,0.163292,10,10,12.0616,40,"No",70,"om","1","opaka-sim"
1,3,1,0.0588235,0.0988848,10,10,12.0616,45,"No",70,"om","1","opaka-sim"
1,3,1,0.0588235,0.0399612,10,10,12.0616,50,"No",70,"om","1","opaka-sim"
1,3,1,0.0588235,0.0290618,10,10,12.0616,55,"No",70,"om","1","opaka-sim"
1,3,1,0.0588235,0.0222248,10,10,12.0616,60,"No",70,"om","1","opaka-sim"
1,3,1,0.0588235,0.0120153,10,10,12.0616,65,"No",70,"om","1","opaka-sim"
1,3,1,0.0588235,0.00289739,10,10,12.0616,70,"No",70,"om","1","opaka-sim"
1,3,1,0.0588235,0.00025366,10,10,12.0616,75,"No",70,"om","1","opaka-sim"
1,3,1,0.0588235,5.43558e-06,10,10,12.0616,80,"No",70,"om","1","opaka-sim"
1,3,1,0.0588235,1.82763e-08,10,10,12.0616,85,"No",70,"om","1","opaka-sim"
1,3,1,0.0588235,1e-10,10,10,9.99502,5,"No",71,"om","1","opaka-sim"
1,3,1,0.0588235,1.02771e-10,10,10,9.99502,10,"No",71,"om","1","opaka-sim"
1,3,1,0.0588235,0.0382362,10,10,9.99502,15,"No",71,"om","1","opaka-sim"
1,3,1,0.0588235,0.124807,10,10,9.99502,20,"No",71,"om","1","opaka-sim"
1,3,1,0.0588235,0.218363,10,10,9.99502,25,"No",71,"om","1","opaka-sim"
1,3,1,0.0588235,0.180301,10,10,9.99502,30,"No",71,"om","1","opaka-sim"
1,3,1,0.0588235,0.169853,10,10,9.99502,35,"No",71,"om","1","opaka-sim"
1,3,1,0.0588235,0.100721,10,10,9.99502,40,"No",71,"om","1","opaka-sim"
1,3,1,0.0588235,0.0769985,10,10,9.99502,45,"No",71,"om","1","opaka-sim"
1,3,1,0.0588235,0.0354235,10,10,9.99502,50,"No",71,"om","1","opaka-sim"
1,3,1,0.0588235,0.0230103,10,10,9.99502,55,"No",71,"om","1","opaka-sim"
1,3,1,0.0588235,0.019328,10,10,9.99502,60,"No",71,"om","1","opaka-sim"
1,3,1,0.0588235,0.0102752,10,10,9.99502,65,"No",71,"om","1","opaka-sim"
1,3,1,0.0588235,0.00245847,10,10,9.99502,70,"No",71,"om","1","opaka-sim"
1,3,1,0.0588235,0.000218921,10,10,9.99502,75,"No",71,"om","1","opaka-sim"
1,3,1,0.0588235,4.79683e-06,10,10,9.99502,80,"No",71,"om","1","opaka-sim"
1,3,1,0.0588235,1.63123e-08,10,10,9.99502,85,"No",71,"om","1","opaka-sim"
1,3,1,0.0588235,1e-10,10,10,8.0073,5,"No",72,"om","1","opaka-sim"
1,3,1,0.0588235,1.01316e-10,10,10,8.0073,10,"No",72,"om","1","opaka-sim"
1,3,1,0.0588235,0.0181529,10,10,8.0073,15,"No",72,"om","1","opaka-sim"
1,3,1,0.0588235,0.0605492,10,10,8.0073,20,"No",72,"om","1","opaka-sim"
1,3,1,0.0588235,0.221492,10,10,8.0073,25,"No",72,"om","1","opaka-sim"
1,3,1,0.0588235,0.189875,10,10,8.0073,30,"No",72,"om","1","opaka-sim"
1,3,1,0.0588235,0.218672,10,10,8.0073,35,"No",72,"om","1","opaka-sim"
1,3,1,0.0588235,0.140731,10,10,8.0073,40,"No",72,"om","1","opaka-sim"
1,3,1,0.0588235,0.0693126,10,10,8.0073,45,"No",72,"om","1","opaka-sim"
1,3,1,0.0588235,0.0305847,10,10,8.0073,50,"No",72,"om","1","opaka-sim"
1,3,1,0.0588235,0.0207708,10,10,8.0073,55,"No",72,"om","1","opaka-sim"
1,3,1,0.0588235,0.0177262,10,10,8.0073,60,"No",72,"om","1","opaka-sim"
1,3,1,0.0588235,0.0096372,10,10,8.0073,65,"No",72,"om","1","opaka-sim"
1,3,1,0.0588235,0.00228751,10,10,8.0073,70,"No",72,"om","1","opaka-sim"
1,3,1,0.0588235,0.000204283,10,10,8.0073,75,"No",72,"om","1","opaka-sim"
1,3,1,0.0588235,4.56856e-06,10,10,8.0073,80,"No",72,"om","1","opaka-sim"
1,3,1,0.0588235,1.57876e-08,10,10,8.0073,85,"No",72,"om","1","opaka-sim"
1,3,1,0.0588235,1e-10,10,10,7.43472,5,"No",73,"om","1","opaka-sim"
1,3,1,0.0588235,1.00835e-10,10,10,7.43472,10,"No",73,"om","1","opaka-sim"
1,3,1,0.0588235,0.0115245,10,10,7.43472,15,"No",73,"om","1","opaka-sim"
1,3,1,0.0588235,0.0383132,10,10,7.43472,20,"No",73,"om","1","opaka-sim"
1,3,1,0.0588235,0.129152,10,10,7.43472,25,"No",73,"om","1","opaka-sim"
1,3,1,0.0588235,0.133577,10,10,7.43472,30,"No",73,"om","1","opaka-sim"
1,3,1,0.0588235,0.276079,10,10,7.43472,35,"No",73,"om","1","opaka-sim"
1,3,1,0.0588235,0.208737,10,10,7.43472,40,"No",73,"om","1","opaka-sim"
1,3,1,0.0588235,0.110441,10,10,7.43472,45,"No",73,"om","1","opaka-sim"
1,3,1,0.0588235,0.0351099,10,10,7.43472,50,"No",73,"om","1","opaka-sim"
1,3,1,0.0588235,0.0230438,10,10,7.43472,55,"No",73,"om","1","opaka-sim"
1,3,1,0.0588235,0.0200093,10,10,7.43472,60,"No",73,"om","1","opaka-sim"
1,3,1,0.0588235,0.0111198,10,10,7.43472,65,"No",73,"om","1","opaka-sim"
1,3,1,0.0588235,0.00265252,10,10,7.43472,70,"No",73,"om","1","opaka-sim"
1,3,1,0.0588235,0.000235947,10,10,7.43472,75,"No",73,"om","1","opaka-sim"
1,3,1,0.0588235,5.33942e-06,10,10,7.43472,80,"No",73,"om","1","opaka-sim"
1,3,1,0.0588235,1.87566e-08,10,10,7.43472,85,"No",73,"om","1","opaka-sim"
1,3,1,0.0588235,1e-10,10,10,8.0373,5,"No",74,"om","1","opaka-sim"
1,3,1,0.0588235,1.00683e-10,10,10,8.0373,10,"No",74,"om","1","opaka-sim"
1,3,1,0.0588235,0.00942428,10,10,8.0373,15,"No",74,"om","1","opaka-sim"
1,3,1,0.0588235,0.0312166,10,10,8.0373,20,"No",74,"om","1","opaka-sim"
1,3,1,0.0588235,0.0951987,10,10,8.0373,25,"No",74,"om","1","opaka-sim"
1,3,1,0.0588235,0.095875,10,10,8.0373,30,"No",74,"om","1","opaka-sim"
1,3,1,0.0588235,0.199642,10,10,8.0373,35,"No",74,"om","1","opaka-sim"
1,3,1,0.0588235,0.259229,10,10,8.0373,40,"No",74,"om","1","opaka-sim"
1,3,1,0.0588235,0.177233,10,10,8.0373,45,"No",74,"om","1","opaka-sim"
1,3,1,0.0588235,0.0584064,10,10,8.0373,50,"No",74,"om","1","opaka-sim"
1,3,1,0.0588235,0.0298362,10,10,8.0373,55,"No",74,"om","1","opaka-sim"
1,3,1,0.0588235,0.0255991,10,10,8.0373,60,"No",74,"om","1","opaka-sim"
1,3,1,0.0588235,0.0145225,10,10,8.0373,65,"No",74,"om","1","opaka-sim"
1,3,1,0.0588235,0.0034988,10,10,8.0373,70,"No",74,"om","1","opaka-sim"
1,3,1,0.0588235,0.000311343,10,10,8.0373,75,"No",74,"om","1","opaka-sim"
1,3,1,0.0588235,7.06376e-06,10,10,8.0373,80,"No",74,"om","1","opaka-sim"
1,3,1,0.0588235,2.51253e-08,10,10,8.0373,85,"No",74,"om","1","opaka-sim"
1,3,1,0.0588235,1e-10,10,10,10.5157,5,"No",75,"om","1","opaka-sim"
1,3,1,0.0588235,1.00931e-10,10,10,10.5157,10,"No",75,"om","1","opaka-sim"
1,3,1,0.0588235,0.0128449,10,10,10.5157,15,"No",75,"om","1","opaka-sim"
1,3,1,0.0588235,0.0420378,10,10,10.5157,20,"No",75,"om","1","opaka-sim"
1,3,1,0.0588235,0.0834538,10,10,10.5157,25,"No",75,"om","1","opaka-sim"
1,3,1,0.0588235,0.0815307,10,10,10.5157,30,"No",75,"om","1","opaka-sim"
1,3,1,0.0588235,0.156431,10,10,10.5157,35,"No",75,"om","1","opaka-sim"
1,3,1,0.0588235,0.208603,10,10,10.5157,40,"No",75,"om","1","opaka-sim"
1,3,1,0.0588235,0.208314,10,10,10.5157,45,"No",75,"om","1","opaka-sim"
1,3,1,0.0588235,0.0985358,10,10,10.5157,50,"No",75,"om","1","opaka-sim"
1,3,1,0.0588235,0.0472069,10,10,10.5157,55,"No",75,"om","1","opaka-sim"
1,3,1,0.0588235,0.0354723,10,10,10.5157,60,"No",75,"om","1","opaka-sim"
1,3,1,0.0588235,0.0201938,10,10,10.5157,65,"No",75,"om","1","opaka-sim"
1,3,1,0.0588235,0.00492601,10,10,10.5157,70,"No",75,"om","1","opaka-sim"
1,3,1,0.0588235,0.000440951,10,10,10.5157,75,"No",75,"om","1","opaka-sim"
1,3,1,0.0588235,1.00006e-05,10,10,10.5157,80,"No",75,"om","1","opaka-sim"
1,3,1,0.0588235,3.57825e-08,10,10,10.5157,85,"No",75,"om","1","opaka-sim"
1,3,1,1e-10,1e-10,45,45,51.4516,5,"No",69,"em","2","opaka-sim"
1,3,1,1e-10,1.02422e-10,45,45,51.4516,10,"No",69,"em","2","opaka-sim"
1,3,1,0.0134507,0.0215341,45,45,51.4516,15,"No",69,"em","2","opaka-sim"
1,3,1,0.183184,0.112573,45,45,51.4516,20,"No",69,"em","2","opaka-sim"
1,3,1,0.159063,0.146995,45,45,51.4516,25,"No",69,"em","2","opaka-sim"
1,3,1,0.0943246,0.130781,45,45,51.4516,30,"No",69,"em","2","opaka-sim"
1,3,1,0.20192,0.176489,45,45,51.4516,35,"No",69,"em","2","opaka-sim"
1,3,1,0.0710405,0.144438,45,45,51.4516,40,"No",69,"em","2","opaka-sim"
1,3,1,0.184379,0.133131,45,45,51.4516,45,"No",69,"em","2","opaka-sim"
1,3,1,0.0643519,0.045938,45,45,51.4516,50,"No",69,"em","2","opaka-sim"
1,3,1,0.00143258,0.0310969,45,45,51.4516,55,"No",69,"em","2","opaka-sim"
1,3,1,0.0108908,0.0324864,45,45,51.4516,60,"No",69,"em","2","opaka-sim"
1,3,1,0.00900225,0.0193451,45,45,51.4516,65,"No",69,"em","2","opaka-sim"
1,3,1,0.00696116,0.00475255,45,45,51.4516,70,"No",69,"em","2","opaka-sim"
1,3,1,1e-10,0.000430758,45,45,51.4516,75,"No",69,"em","2","opaka-sim"
1,3,1,1e-10,9.99119e-06,45,45,51.4516,80,"No",69,"em","2","opaka-sim"
1,3,1,1e-10,3.60844e-08,45,45,51.4516,85,"No",69,"em","2","opaka-sim"
1,3,1,1e-10,1e-10,45,45,71.1741,5,"No",70,"em","2","opaka-sim"
1,3,1,1e-10,1.01354e-10,45,45,71.1741,10,"No",70,"em","2","opaka-sim"
1,3,1,0.0210103,0.0120358,45,45,71.1741,15,"No",70,"em","2","opaka-sim"
1,3,1,0.0317903,0.0643656,45,45,71.1741,20,"No",70,"em","2","opaka-sim"
1,3,1,0.176215,0.213643,45,45,71.1741,25,"No",70,"em","2","opaka-sim"
1,3,1,0.211088,0.173981,45,45,71.1741,30,"No",70,"em","2","opaka-sim"
1,3,1,0.212893,0.157058,45,45,71.1741,35,"No",70,"em","2","opaka-sim"
1,3,1,0.11121,0.14418,45,45,71.1741,40,"No",70,"em","2","opaka-sim"
1,3,1,0.139136,0.101824,45,45,71.1741,45,"No",70,"em","2","opaka-sim"
1,3,1,0.00790143,0.0470881,45,45,71.1741,50,"No",70,"em","2","opaka-sim"
1,3,1,0.0605246,0.0327581,45,45,71.1741,55,"No",70,"em","2","opaka-sim"
1,3,1,0.023914,0.0297017,45,45,71.1741,60,"No",70,"em","2","opaka-sim"
1,3,1,0.00431592,0.018342,45,45,71.1741,65,"No",70,"em","2","opaka-sim"
1,3,1,1.29499e-06,0.00459445,45,45,71.1741,70,"No",70,"em","2","opaka-sim"
1,3,1,5.49002e-07,0.000417933,45,45,71.1741,75,"No",70,"em","2","opaka-sim"
1,3,1,1e-10,9.684e-06,45,45,71.1741,80,"No",70,"em","2","opaka-sim"
1,3,1,1e-10,3.52965e-08,45,45,71.1741,85,"No",70,"em","2","opaka-sim"
1,3,1,1e-10,1e-10,45,45,31.9498,5,"No",71,"em","2","opaka-sim"
1,3,1,1e-10,1.01334e-10,45,45,31.9498,10,"No",71,"em","2","opaka-sim"
1,3,1,0.0368981,0.0118621,45,45,31.9498,15,"No",71,"em","2","opaka-sim"
1,3,1,0.049297,0.0625916,45,45,31.9498,20,"No",71,"em","2","opaka-sim"
1,3,1,0.0922535,0.133824,45,45,31.9498,25,"No",71,"em","2","opaka-sim"
1,3,1,0.185041,0.133033,45,45,31.9498,30,"No",71,"em","2","opaka-sim"
1,3,1,0.134228,0.247489,45,45,31.9498,35,"No",71,"em","2","opaka-sim"
1,3,1,0.249472,0.165231,45,45,31.9498,40,"No",71,"em","2","opaka-sim"
1,3,1,0.105142,0.106004,45,45,31.9498,45,"No",71,"em","2","opaka-sim"
1,3,1,0.0760391,0.0447379,45,45,31.9498,50,"No",71,"em","2","opaka-sim"
1,3,1,0.018945,0.0383935,45,45,31.9498,55,"No",71,"em","2","opaka-sim"
1,3,1,0.0215091,0.0320899,45,45,31.9498,60,"No",71,"em","2","opaka-sim"
1,3,1,0.0304375,0.0193313,45,45,31.9498,65,"No",71,"em","2","opaka-sim"
1,3,1,3.04908e-07,0.00494729,45,45,31.9498,70,"No",71,"em","2","opaka-sim"
1,3,1,0.000736655,0.00045515,45,45,31.9498,75,"No",71,"em","2","opaka-sim"
1,3,1,1e-10,1.05458e-05,45,45,31.9498,80,"No",71,"em","2","opaka-sim"
1,3,1,1e-10,3.85361e-08,45,45,31.9498,85,"No",71,"em","2","opaka-sim"
1,3,1,1e-10,1e-10,45,45,42.8908,5,"No",72,"em","2","opaka-sim"
1,3,1,1e-10,1.02536e-10,45,45,42.8908,10,"No",72,"em","2","opaka-sim"
1,3,1,0.0114481,0.0225462,45,45,42.8908,15,"No",72,"em","2","opaka-sim"
1,3,1,0.246448,0.117551,45,45,42.8908,20,"No",72,"em","2","opaka-sim"
1,3,1,0.120011,0.125477,45,45,42.8908,25,"No",72,"em","2","opaka-sim"
1,3,1,0.0921791,0.111416,45,45,42.8908,30,"No",72,"em","2","opaka-sim"
1,3,1,0.154232,0.158538,45,45,42.8908,35,"No",72,"em","2","opaka-sim"
1,3,1,0.206187,0.196166,45,45,42.8908,40,"No",72,"em","2","opaka-sim"
1,3,1,0.138996,0.128009,45,45,42.8908,45,"No",72,"em","2","opaka-sim"
1,3,1,0.0254192,0.0433513,45,45,42.8908,50,"No",72,"em","2","opaka-sim"
1,3,1,0.00336736,0.0381577,45,45,42.8908,55,"No",72,"em","2","opaka-sim"
1,3,1,0.0017027,0.0337893,45,45,42.8908,60,"No",72,"em","2","opaka-sim"
1,3,1,9.47022e-06,0.0195169,45,45,42.8908,65,"No",72,"em","2","opaka-sim"
1,3,1,5.68661e-07,0.00500294,45,45,42.8908,70,"No",72,"em","2","opaka-sim"
1,3,1,1.00263e-10,0.000467583,45,45,42.8908,75,"No",72,"em","2","opaka-sim"
1,3,1,1e-10,1.08896e-05,45,45,42.8908,80,"No",72,"em","2","opaka-sim"
1,3,1,1e-10,3.97992e-08,45,45,42.8908,85,"No",72,"em","2","opaka-sim"
1,3,1,1e-10,1e-10,45,45,22.6834,5,"No",73,"em","2","opaka-sim"
1,3,1,1e-10,1.01287e-10,45,45,22.6834,10,"No",73,"em","2","opaka-sim"
1,3,1,0.0115295,0.0114409,45,45,22.6834,15,"No",73,"em","2","opaka-sim"
1,3,1,0.0415469,0.0614392,45,45,22.6834,20,"No",73,"em","2","opaka-sim"
1,3,1,0.245267,0.226204,45,45,22.6834,25,"No",73,"em","2","opaka-sim"
1,3,1,0.0863112,0.179483,45,45,22.6834,30,"No",73,"em","2","opaka-sim"
1,3,1,0.210709,0.135442,45,45,22.6834,35,"No",73,"em","2","opaka-sim"
1,3,1,0.234606,0.131686,45,45,22.6834,40,"No",73,"em","2","opaka-sim"
1,3,1,0.0354357,0.116113,45,45,22.6834,45,"No",73,"em","2","opaka-sim"
1,3,1,0.0465657,0.04609,45,45,22.6834,50,"No",73,"em","2","opaka-sim"
1,3,1,0.00223758,0.0353216,45,45,22.6834,55,"No",73,"em","2","opaka-sim"
1,3,1,0.0054701,0.032773,45,45,22.6834,60,"No",73,"em","2","opaka-sim"
1,3,1,0.0803212,0.0187894,45,45,22.6834,65,"No",73,"em","2","opaka-sim"
1,3,1,4.13033e-07,0.00475823,45,45,22.6834,70,"No",73,"em","2","opaka-sim"
1,3,1,1e-10,0.000448586,45,45,22.6834,75,"No",73,"em","2","opaka-sim"
1,3,1,1e-10,1.05592e-05,45,45,22.6834,80,"No",73,"em","2","opaka-sim"
1,3,1,1e-10,3.86696e-08,45,45,22.6834,85,"No",73,"em","2","opaka-sim"
1,3,1,1e-10,1e-10,45,45,37.0038,5,"No",74,"em","2","opaka-sim"
1,3,1,1e-10,1.01406e-10,45,45,37.0038,10,"No",74,"em","2","opaka-sim"
1,3,1,0.00112886,0.0124978,45,45,37.0038,15,"No",74,"em","2","opaka-sim"
1,3,1,0.0421999,0.0658012,45,45,37.0038,20,"No",74,"em","2","opaka-sim"
1,3,1,0.0562005,0.127856,45,45,37.0038,25,"No",74,"em","2","opaka-sim"
1,3,1,0.135294,0.13134,45,45,37.0038,30,"No",74,"em","2","opaka-sim"
1,3,1,0.271716,0.260993,45,45,37.0038,35,"No",74,"em","2","opaka-sim"
1,3,1,0.0776424,0.15418,45,45,37.0038,40,"No",74,"em","2","opaka-sim"
1,3,1,0.0863541,0.098477,45,45,37.0038,45,"No",74,"em","2","opaka-sim"
1,3,1,0.106348,0.048349,45,45,37.0038,50,"No",74,"em","2","opaka-sim"
1,3,1,0.107044,0.0392382,45,45,37.0038,55,"No",74,"em","2","opaka-sim"
1,3,1,0.0360761,0.0352211,45,45,37.0038,60,"No",74,"em","2","opaka-sim"
1,3,1,0.0767762,0.0204193,45,45,37.0038,65,"No",74,"em","2","opaka-sim"
1,3,1,0.00322035,0.00513364,45,45,37.0038,70,"No",74,"em","2","opaka-sim"
1,3,1,1.28928e-07,0.000482555,45,45,37.0038,75,"No",74,"em","2","opaka-sim"
1,3,1,1e-10,1.14834e-05,45,45,37.0038,80,"No",74,"em","2","opaka-sim"
1,3,1,1e-10,4.22915e-08,45,45,37.0038,85,"No",74,"em","2","opaka-sim"
1,3,1,1e-10,1e-10,45,45,98.1007,5,"No",75,"em","2","opaka-sim"
1,3,1,1e-10,1.01244e-10,45,45,98.1007,10,"No",75,"em","2","opaka-sim"
1,3,1,0.0257748,0.0110621,45,45,98.1007,15,"No",75,"em","2","opaka-sim"
1,3,1,0.0637329,0.0585533,45,45,98.1007,20,"No",75,"em","2","opaka-sim"
1,3,1,0.136178,0.141375,45,45,98.1007,25,"No",75,"em","2","opaka-sim"
1,3,1,0.113889,0.123059,45,45,98.1007,30,"No",75,"em","2","opaka-sim"
1,3,1,0.110787,0.16365,45,45,98.1007,35,"No",75,"em","2","opaka-sim"
1,3,1,0.282421,0.215286,45,45,98.1007,40,"No",75,"em","2","opaka-sim"
1,3,1,0.14784,0.133504,45,45,98.1007,45,"No",75,"em","2","opaka-sim"
1,3,1,0.0396317,0.0448421,45,45,98.1007,50,"No",75,"em","2","opaka-sim"
1,3,1,0.0185798,0.0423318,45,45,98.1007,55,"No",75,"em","2","opaka-sim"
1,3,1,0.0480836,0.0381853,45,45,98.1007,60,"No",75,"em","2","opaka-sim"
1,3,1,0.00598566,0.0220725,45,45,98.1007,65,"No",75,"em","2","opaka-sim"
1,3,1,0.00709618,0.00554827,45,45,98.1007,70,"No",75,"em","2","opaka-sim"
1,3,1,1.00001e-10,0.000518547,45,45,98.1007,75,"No",75,"em","2","opaka-sim"
1,3,1,1e-10,1.23946e-05,45,45,98.1007,80,"No",75,"em","2","opaka-sim"
1,3,1,1e-10,4.6019e-08,45,45,98.1007,85,"No",75,"em","2","opaka-sim"
1,3,1,0.0588235,1e-10,10,10,10.3921,5,"No",69,"om","2","opaka-sim"
1,3,1,0.0588235,1.02027e-10,10,10,10.3921,10,"No",69,"om","2","opaka-sim"
1,3,1,0.0588235,0.0279672,10,10,10.3921,15,"No",69,"om","2","opaka-sim"
1,3,1,0.0588235,0.091371,10,10,10.3921,20,"No",69,"om","2","opaka-sim"
1,3,1,0.0588235,0.167288,10,10,10.3921,25,"No",69,"om","2","opaka-sim"
1,3,1,0.0588235,0.153902,10,10,10.3921,30,"No",69,"om","2","opaka-sim"
1,3,1,0.0588235,0.227803,10,10,10.3921,35,"No",69,"om","2","opaka-sim"
1,3,1,0.0588235,0.128303,10,10,10.3921,40,"No",69,"om","2","opaka-sim"
1,3,1,0.0588235,0.0971357,10,10,10.3921,45,"No",69,"om","2","opaka-sim"
1,3,1,0.0588235,0.0374893,10,10,10.3921,50,"No",69,"om","2","opaka-sim"
1,3,1,0.0588235,0.020878,10,10,10.3921,55,"No",69,"om","2","opaka-sim"
1,3,1,0.0588235,0.0264585,10,10,10.3921,60,"No",69,"om","2","opaka-sim"
1,3,1,0.0588235,0.0169674,10,10,10.3921,65,"No",69,"om","2","opaka-sim"
1,3,1,0.0588235,0.00407401,10,10,10.3921,70,"No",69,"om","2","opaka-sim"
1,3,1,0.0588235,0.000354541,10,10,10.3921,75,"No",69,"om","2","opaka-sim"
1,3,1,0.0588235,7.97451e-06,10,10,10.3921,80,"No",69,"om","2","opaka-sim"
1,3,1,0.0588235,2.82929e-08,10,10,10.3921,85,"No",69,"om","2","opaka-sim"
1,3,1,0.0588235,1e-10,10,10,10.0017,5,"No",70,"om","2","opaka-sim"
1,3,1,0.0588235,1.01322e-10,10,10,10.0017,10,"No",70,"om","2","opaka-sim"
1,3,1,0.0588235,0.0182438,10,10,10.0017,15,"No",70,"om","2","opaka-sim"
1,3,1,0.0588235,0.0603857,10,10,10.0017,20,"No",70,"om","2","opaka-sim"
1,3,1,0.0588235,0.180165,10,10,10.0017,25,"No",70,"om","2","opaka-sim"
1,3,1,0.0588235,0.155838,10,10,10.0017,30,"No",70,"om","2","opaka-sim"
1,3,1,0.0588235,0.193871,10,10,10.0017,35,"No",70,"om","2","opaka-sim"
1,3,1,0.0588235,0.181164,10,10,10.0017,40,"No",70,"om","2","opaka-sim"
1,3,1,0.0588235,0.100675,10,10,10.0017,45,"No",70,"om","2","opaka-sim"
1,3,1,0.0588235,0.0411778,10,10,10.0017,50,"No",70,"om","2","opaka-sim"
1,3,1,0.0588235,0.0232852,10,10,10.0017,55,"No",70,"om","2","opaka-sim"
1,3,1,0.0588235,0.0238686,10,10,10.0017,60,"No",70,"om","2","opaka-sim"
1,3,1,0.0588235,0.0166995,10,10,10.0017,65,"No",70,"om","2","opaka-sim"
1,3,1,0.0588235,0.0042428,10,10,10.0017,70,"No",70,"om","2","opaka-sim"
1,3,1,0.0588235,0.000374824,10,10,10.0017,75,"No",70,"om","2","opaka-sim"
1,3,1,0.0588235,8.37627e-06,10,10,10.0017,80,"No",70,"om","2","opaka-sim"
1,3,1,0.0588235,2.98584e-08,10,10,10.0017,85,"No",70,"om","2","opaka-sim"
1,3,1,0.0588235,1e-10,10,10,11.4544,5,"No",71,"om","2","opaka-sim"
1,3,1,0.0588235,1.02213e-10,10,10,11.4544,10,"No",71,"om","2","opaka-sim"
1,3,1,0.0588235,0.0305325,10,10,11.4544,15,"No",71,"om","2","opaka-sim"
1,3,1,0.0588235,0.0990956,10,10,11.4544,20,"No",71,"om","2","opaka-sim"
1,3,1,0.0588235,0.122994,10,10,11.4544,25,"No",71,"om","2","opaka-sim"
1,3,1,0.0588235,0.119428,10,10,11.4544,30,"No",71,"om","2","opaka-sim"
1,3,1,0.0588235,0.213736,10,10,11.4544,35,"No",71,"om","2","opaka-sim"
1,3,1,0.0588235,0.174271,10,10,11.4544,40,"No",71,"om","2","opaka-sim"
1,3,1,0.0588235,0.119908,10,10,11.4544,45,"No",71,"om","2","opaka-sim"
1,3,1,0.0588235,0.0466832,10,10,11.4544,50,"No",71,"om","2","opaka-sim"
1,3,1,0.0588235,0.0273803,10,10,11.4544,55,"No",71,"om","2","opaka-sim"
1,3,1,0.0588235,0.0241802,10,10,11.4544,60,"No",71,"om","2","opaka-sim"
1,3,1,0.0588235,0.0168462,10,10,11.4544,65,"No",71,"om","2","opaka-sim"
1,3,1,0.0588235,0.00452153,10,10,11.4544,70,"No",71,"om","2","opaka-sim"
1,3,1,0.0588235,0.000413714,10,10,11.4544,75,"No",71,"om","2","opaka-sim"
1,3,1,0.0588235,9.26478e-06,10,10,11.4544,80,"No",71,"om","2","opaka-sim"
1,3,1,0.0588235,3.29463e-08,10,10,11.4544,85,"No",71,"om","2","opaka-sim"
1,3,1,0.0588235,1e-10,10,10,12.4969,5,"No",72,"om","2","opaka-sim"
1,3,1,0.0588235,1.02485e-10,10,10,12.4969,10,"No",72,"om","2","opaka-sim"
1,3,1,0.0588235,0.0342855,10,10,12.4969,15,"No",72,"om","2","opaka-sim"
1,3,1,0.0588235,0.111788,10,10,12.4969,20,"No",72,"om","2","opaka-sim"
1,3,1,0.0588235,0.1845,10,10,12.4969,25,"No",72,"om","2","opaka-sim"
1,3,1,0.0588235,0.149766,10,10,12.4969,30,"No",72,"om","2","opaka-sim"
1,3,1,0.0588235,0.13661,10,10,12.4969,35,"No",72,"om","2","opaka-sim"
1,3,1,0.0588235,0.153991,10,10,12.4969,40,"No",72,"om","2","opaka-sim"
1,3,1,0.0588235,0.110355,10,10,12.4969,45,"No",72,"om","2","opaka-sim"
1,3,1,0.0588235,0.0480221,10,10,12.4969,50,"No",72,"om","2","opaka-sim"
1,3,1,0.0588235,0.0277857,10,10,12.4969,55,"No",72,"om","2","opaka-sim"
1,3,1,0.0588235,0.0230626,10,10,12.4969,60,"No",72,"om","2","opaka-sim"
1,3,1,0.0588235,0.0152264,10,10,12.4969,65,"No",72,"om","2","opaka-sim"
1,3,1,0.0588235,0.00419773,10,10,12.4969,70,"No",72,"om","2","opaka-sim"
1,3,1,0.0588235,0.000400638,10,10,12.4969,75,"No",72,"om","2","opaka-sim"
1,3,1,0.0588235,9.13865e-06,10,10,12.4969,80,"No",72,"om","2","opaka-sim"
1,3,1,0.0588235,3.24524e-08,10,10,12.4969,85,"No",72,"om","2","opaka-sim"
1,3,1,0.0588235,1e-10,10,10,10.6682,5,"No",73,"om","2","opaka-sim"
1,3,1,0.0588235,1.0215e-10,10,10,10.6682,10,"No",73,"om","2","opaka-sim"
1,3,1,0.0588235,0.0296632,10,10,10.6682,15,"No",73,"om","2","opaka-sim"
1,3,1,0.0588235,0.0971742,10,10,10.6682,20,"No",73,"om","2","opaka-sim"
1,3,1,0.0588235,0.201219,10,10,10.6682,25,"No",73,"om","2","opaka-sim"
1,3,1,0.0588235,0.170668,10,10,10.6682,30,"No",73,"om","2","opaka-sim"
1,3,1,0.0588235,0.18608,10,10,10.6682,35,"No",73,"om","2","opaka-sim"
1,3,1,0.0588235,0.119268,10,10,10.6682,40,"No",73,"om","2","opaka-sim"
1,3,1,0.0588235,0.0859662,10,10,10.6682,45,"No",73,"om","2","opaka-sim"
1,3,1,0.0588235,0.0436314,10,10,10.6682,50,"No",73,"om","2","opaka-sim"
1,3,1,0.0588235,0.0271469,10,10,10.6682,55,"No",73,"om","2","opaka-sim"
1,3,1,0.0588235,0.0216505,10,10,10.6682,60,"No",73,"om","2","opaka-sim"
1,3,1,0.0588235,0.013453,10,10,10.6682,65,"No",73,"om","2","opaka-sim"
1,3,1,0.0588235,0.00370587,10,10,10.6682,70,"No",73,"om","2","opaka-sim"
1,3,1,0.0588235,0.000364929,10,10,10.6682,75,"No",73,"om","2","opaka-sim"
1,3,1,0.0588235,8.59109e-06,10,10,10.6682,80,"No",73,"om","2","opaka-sim"
1,3,1,0.0588235,3.07413e-08,10,10,10.6682,85,"No",73,"om","2","opaka-sim"
1,3,1,0.0588235,1e-10,10,10,9.34414,5,"No",74,"om","2","opaka-sim"
1,3,1,0.0588235,1.01321e-10,10,10,9.34414,10,"No",74,"om","2","opaka-sim"
1,3,1,0.0588235,0.0182268,10,10,9.34414,15,"No",74,"om","2","opaka-sim"
1,3,1,0.0588235,0.0603922,10,10,9.34414,20,"No",74,"om","2","opaka-sim"
1,3,1,0.0588235,0.185725,10,10,9.34414,25,"No",74,"om","2","opaka-sim"
1,3,1,0.0588235,0.164684,10,10,9.34414,30,"No",74,"om","2","opaka-sim"
1,3,1,0.0588235,0.220194,10,10,9.34414,35,"No",74,"om","2","opaka-sim"
1,3,1,0.0588235,0.159334,10,10,9.34414,40,"No",74,"om","2","opaka-sim"
1,3,1,0.0588235,0.0861643,10,10,9.34414,45,"No",74,"om","2","opaka-sim"
1,3,1,0.0588235,0.038504,10,10,9.34414,50,"No",74,"om","2","opaka-sim"
1,3,1,0.0588235,0.0274831,10,10,9.34414,55,"No",74,"om","2","opaka-sim"
1,3,1,0.0588235,0.0222495,10,10,9.34414,60,"No",74,"om","2","opaka-sim"
1,3,1,0.0588235,0.0131302,10,10,9.34414,65,"No",74,"om","2","opaka-sim"
1,3,1,0.0588235,0.00355038,10,10,9.34414,70,"No",74,"om","2","opaka-sim"
1,3,1,0.0588235,0.000353901,10,10,9.34414,75,"No",74,"om","2","opaka-sim"
1,3,1,0.0588235,8.61367e-06,10,10,9.34414,80,"No",74,"om","2","opaka-sim"
1,3,1,0.0588235,3.14052e-08,10,10,9.34414,85,"No",74,"om","2","opaka-sim"
1,3,1,0.0588235,1e-10,10,10,9.1376,5,"No",75,"om","2","opaka-sim"
1,3,1,0.0588235,1.01043e-10,10,10,9.1376,10,"No",75,"om","2","opaka-sim"
1,3,1,0.0588235,0.0143915,10,10,9.1376,15,"No",75,"om","2","opaka-sim"
1,3,1,0.0588235,0.0475186,10,10,9.1376,20,"No",75,"om","2","opaka-sim"
1,3,1,0.0588235,0.131611,10,10,9.1376,25,"No",75,"om","2","opaka-sim"
1,3,1,0.0588235,0.128847,10,10,9.1376,30,"No",75,"om","2","opaka-sim"
1,3,1,0.0588235,0.236989,10,10,9.1376,35,"No",75,"om","2","opaka-sim"
1,3,1,0.0588235,0.202192,10,10,9.1376,40,"No",75,"om","2","opaka-sim"
1,3,1,0.0588235,0.120753,10,10,9.1376,45,"No",75,"om","2","opaka-sim"
1,3,1,0.0588235,0.043332,10,10,9.1376,50,"No",75,"om","2","opaka-sim"
1,3,1,0.0588235,0.0296233,10,10,9.1376,55,"No",75,"om","2","opaka-sim"
1,3,1,0.0588235,0.0256837,10,10,9.1376,60,"No",75,"om","2","opaka-sim"
1,3,1,0.0588235,0.0147738,10,10,9.1376,65,"No",75,"om","2","opaka-sim"
1,3,1,0.0588235,0.00389015,10,10,9.1376,70,"No",75,"om","2","opaka-sim"
1,3,1,0.0588235,0.00038622,10,10,9.1376,75,"No",75,"om","2","opaka-sim"
1,3,1,0.0588235,9.62457e-06,10,10,9.1376,80,"No",75,"om","2","opaka-sim"
1,3,1,0.0588235,3.59783e-08,10,10,9.1376,85,"No",75,"om","2","opaka-sim"
1,3,1,1e-10,1e-10,45,45,67.485,5,"No",69,"em","3","opaka-sim"
1,3,1,1e-10,1.01634e-10,45,45,67.485,10,"No",69,"em","3","opaka-sim"
1,3,1,0.0465555,0.0247806,45,45,67.485,15,"No",69,"em","3","opaka-sim"
1,3,1,0.0664991,0.0730039,45,45,67.485,20,"No",69,"em","3","opaka-sim"
1,3,1,0.226676,0.184118,45,45,67.485,25,"No",69,"em","3","opaka-sim"
1,3,1,0.113133,0.163504,45,45,67.485,30,"No",69,"em","3","opaka-sim"
1,3,1,0.160182,0.215984,45,45,67.485,35,"No",69,"em","3","opaka-sim"
1,3,1,0.157786,0.139054,45,45,67.485,40,"No",69,"em","3","opaka-sim"
1,3,1,0.102203,0.094205,45,45,67.485,45,"No",69,"em","3","opaka-sim"
1,3,1,0.0236626,0.0349626,45,45,67.485,50,"No",69,"em","3","opaka-sim"
1,3,1,0.0892651,0.0276084,45,45,67.485,55,"No",69,"em","3","opaka-sim"
1,3,1,0.0117411,0.0262049,45,45,67.485,60,"No",69,"em","3","opaka-sim"
1,3,1,0.00151952,0.0134531,45,45,67.485,65,"No",69,"em","3","opaka-sim"
1,3,1,0.000777624,0.00287957,45,45,67.485,70,"No",69,"em","3","opaka-sim"
1,3,1,1.00037e-10,0.00023674,45,45,67.485,75,"No",69,"em","3","opaka-sim"
1,3,1,1e-10,5.14575e-06,45,45,67.485,80,"No",69,"em","3","opaka-sim"
1,3,1,1e-10,1.76139e-08,45,45,67.485,85,"No",69,"em","3","opaka-sim"
1,3,1,1e-10,1e-10,45,45,39.4057,5,"No",70,"em","3","opaka-sim"
1,3,1,1e-10,1.01404e-10,45,45,39.4057,10,"No",70,"em","3","opaka-sim"
1,3,1,0.0139807,0.0212935,45,45,39.4057,15,"No",70,"em","3","opaka-sim"
1,3,1,0.0297182,0.0626095,45,45,39.4057,20,"No",70,"em","3","opaka-sim"
1,3,1,0.223385,0.147184,45,45,39.4057,25,"No",70,"em","3","opaka-sim"
1,3,1,0.157106,0.136543,45,45,39.4057,30,"No",70,"em","3","opaka-sim"
1,3,1,0.178549,0.21613,45,45,39.4057,35,"No",70,"em","3","opaka-sim"
1,3,1,0.237333,0.192503,45,45,39.4057,40,"No",70,"em","3","opaka-sim"
1,3,1,0.0254327,0.112483,45,45,39.4057,45,"No",70,"em","3","opaka-sim"
1,3,1,0.0548811,0.0363533,45,45,39.4057,50,"No",70,"em","3","opaka-sim"
1,3,1,0.00197157,0.0302637,45,45,39.4057,55,"No",70,"em","3","opaka-sim"
1,3,1,0.0725296,0.0266596,45,45,39.4057,60,"No",70,"em","3","opaka-sim"
1,3,1,0.0048112,0.0145034,45,45,39.4057,65,"No",70,"em","3","opaka-sim"
1,3,1,0.000301792,0.00320738,45,45,39.4057,70,"No",70,"em","3","opaka-sim"
1,3,1,1.25646e-09,0.000260905,45,45,39.4057,75,"No",70,"em","3","opaka-sim"
1,3,1,1e-10,5.58492e-06,45,45,39.4057,80,"No",70,"em","3","opaka-sim"
1,3,1,1e-10,1.9321e-08,45,45,39.4057,85,"No",70,"em","3","opaka-sim"
1,3,1,1e-10,1e-10,45,45,56.9909,5,"No",71,"em","3","opaka-sim"
1,3,1,1e-10,1.01521e-10,45,45,56.9909,10,"No",71,"em","3","opaka-sim"
1,3,1,0.000912218,0.0230738,45,45,56.9909,15,"No",71,"em","3","opaka-sim"
1,3,1,0.0143245,0.0675607,45,45,56.9909,20,"No",71,"em","3","opaka-sim"
1,3,1,0.126775,0.133713,45,45,56.9909,25,"No",71,"em","3","opaka-sim"
1,3,1,0.151685,0.121956,45,45,56.9909,30,"No",71,"em","3","opaka-sim"
1,3,1,0.225432,0.185726,45,45,56.9909,35,"No",71,"em","3","opaka-sim"
1,3,1,0.237759,0.196999,45,45,56.9909,40,"No",71,"em","3","opaka-sim"
1,3,1,0.0878505,0.142493,45,45,56.9909,45,"No",71,"em","3","opaka-sim"
1,3,1,0.106318,0.0442772,45,45,56.9909,50,"No",71,"em","3","opaka-sim"
1,3,1,0.0302794,0.0344302,45,45,56.9909,55,"No",71,"em","3","opaka-sim"
1,3,1,0.00111775,0.0295141,45,45,56.9909,60,"No",71,"em","3","opaka-sim"
1,3,1,0.0131335,0.0162263,45,45,56.9909,65,"No",71,"em","3","opaka-sim"
1,3,1,0.00440448,0.00371811,45,45,56.9909,70,"No",71,"em","3","opaka-sim"
1,3,1,8.09393e-06,0.000306593,45,45,56.9909,75,"No",71,"em","3","opaka-sim"
1,3,1,1e-10,6.45553e-06,45,45,56.9909,80,"No",71,"em","3","opaka-sim"
1,3,1,1e-10,2.2239e-08,45,45,56.9909,85,"No",71,"em","3","opaka-sim"
1,3,1,1e-10,1e-10,45,45,91.0266,5,"No",72,"em","3","opaka-sim"
1,3,1,1e-10,1.01087e-10,45,45,91.0266,10,"No",72,"em","3","opaka-sim"
1,3,1,0.000335568,0.0164817,45,45,91.0266,15,"No",72,"em","3","opaka-sim"
1,3,1,0.0106923,0.0488539,45,45,91.0266,20,"No",72,"em","3","opaka-sim"
1,3,1,0.141233,0.149595,45,45,91.0266,25,"No",72,"em","3","opaka-sim"
1,3,1,0.100454,0.131359,45,45,91.0266,30,"No",72,"em","3","opaka-sim"
1,3,1,0.185081,0.173292,45,45,91.0266,35,"No",72,"em","3","opaka-sim"
1,3,1,0.138668,0.178701,45,45,91.0266,40,"No",72,"em","3","opaka-sim"
1,3,1,0.167966,0.145674,45,45,91.0266,45,"No",72,"em","3","opaka-sim"
1,3,1,0.0833299,0.056581,45,45,91.0266,50,"No",72,"em","3","opaka-sim"
1,3,1,0.0974267,0.0417439,45,45,91.0266,55,"No",72,"em","3","opaka-sim"
1,3,1,0.0605734,0.0342464,45,45,91.0266,60,"No",72,"em","3","opaka-sim"
1,3,1,0.0125559,0.0187149,45,45,91.0266,65,"No",72,"em","3","opaka-sim"
1,3,1,0.00168465,0.00437947,45,45,91.0266,70,"No",72,"em","3","opaka-sim"
1,3,1,1e-10,0.00037056,45,45,91.0266,75,"No",72,"em","3","opaka-sim"
1,3,1,1e-10,7.78268e-06,45,45,91.0266,80,"No",72,"em","3","opaka-sim"
1,3,1,1e-10,2.64809e-08,45,45,91.0266,85,"No",72,"em","3","opaka-sim"
1,3,1,1e-10,1e-10,45,45,43.3,5,"No",73,"em","3","opaka-sim"
1,3,1,1e-10,1.02188e-10,45,45,43.3,10,"No",73,"em","3","opaka-sim"
1,3,1,0.0339439,0.0331841,45,45,43.3,15,"No",73,"em","3","opaka-sim"
1,3,1,0.0348062,0.0961956,45,45,43.3,20,"No",73,"em","3","opaka-sim"
1,3,1,0.0833382,0.104314,45,45,43.3,25,"No",73,"em","3","opaka-sim"
1,3,1,0.166626,0.10199,45,45,43.3,30,"No",73,"em","3","opaka-sim"
1,3,1,0.198885,0.186437,45,45,43.3,35,"No",73,"em","3","opaka-sim"
1,3,1,0.143192,0.168907,45,45,43.3,40,"No",73,"em","3","opaka-sim"
1,3,1,0.0957788,0.132537,45,45,43.3,45,"No",73,"em","3","opaka-sim"
1,3,1,0.0286455,0.059859,45,45,43.3,50,"No",73,"em","3","opaka-sim"
1,3,1,0.143547,0.0504989,45,45,43.3,55,"No",73,"em","3","opaka-sim"
1,3,1,0.0402804,0.0395238,45,45,43.3,60,"No",73,"em","3","opaka-sim"
1,3,1,0.0308919,0.0211237,45,45,43.3,65,"No",73,"em","3","opaka-sim"
1,3,1,6.49825e-05,0.00498934,45,45,43.3,70,"No",73,"em","3","opaka-sim"
1,3,1,1e-10,0.00043153,45,45,43.3,75,"No",73,"em","3","opaka-sim"
1,3,1,1e-10,9.18476e-06,45,45,43.3,80,"No",73,"em","3","opaka-sim"
1,3,1,1e-10,3.09854e-08,45,45,43.3,85,"No",73,"em","3","opaka-sim"
1,3,1,1e-10,1e-10,45,45,45.6585,5,"No",74,"em","3","opaka-sim"
1,3,1,1e-10,1.01313e-10,45,45,45.6585,10,"No",74,"em","3","opaka-sim"
1,3,1,0.0440567,0.0199107,45,45,45.6585,15,"No",74,"em","3","opaka-sim"
1,3,1,0.0464395,0.0591484,45,45,45.6585,20,"No",74,"em","3","opaka-sim"
1,3,1,0.109569,0.19254,45,45,45.6585,25,"No",74,"em","3","opaka-sim"
1,3,1,0.17291,0.153582,45,45,45.6585,30,"No",74,"em","3","opaka-sim"
1,3,1,0.204806,0.124688,45,45,45.6585,35,"No",74,"em","3","opaka-sim"
1,3,1,0.120289,0.153034,45,45,45.6585,40,"No",74,"em","3","opaka-sim"
1,3,1,0.171189,0.120398,45,45,45.6585,45,"No",74,"em","3","opaka-sim"
1,3,1,0.0627882,0.0531751,45,45,45.6585,50,"No",74,"em","3","opaka-sim"
1,3,1,0.0426568,0.0525778,45,45,45.6585,55,"No",74,"em","3","opaka-sim"
1,3,1,0.0236922,0.0429287,45,45,45.6585,60,"No",74,"em","3","opaka-sim"
1,3,1,8.34263e-05,0.0222963,45,45,45.6585,65,"No",74,"em","3","opaka-sim"
1,3,1,0.00151996,0.00525036,45,45,45.6585,70,"No",74,"em","3","opaka-sim"
1,3,1,1.00002e-10,0.000460131,45,45,45.6585,75,"No",74,"em","3","opaka-sim"
1,3,1,1e-10,9.98843e-06,45,45,45.6585,80,"No",74,"em","3","opaka-sim"
1,3,1,1e-10,3.37873e-08,45,45,45.6585,85,"No",74,"em","3","opaka-sim"
1,3,1,1e-10,1e-10,45,45,73.7458,5,"No",75,"em","3","opaka-sim"
1,3,1,1e-10,1.01725e-10,45,45,73.7458,10,"No",75,"em","3","opaka-sim"
1,3,1,0.031276,0.0261685,45,45,73.7458,15,"No",75,"em","3","opaka-sim"
1,3,1,0.0718396,0.0763039,45,45,73.7458,20,"No",75,"em","3","opaka-sim"
1,3,1,0.137899,0.122761,45,45,73.7458,25,"No",75,"em","3","opaka-sim"
1,3,1,0.114413,0.122181,45,45,73.7458,30,"No",75,"em","3","opaka-sim"
1,3,1,0.245601,0.225874,45,45,73.7458,35,"No",75,"em","3","opaka-sim"
1,3,1,0.0668737,0.140679,45,45,73.7458,40,"No",75,"em","3","opaka-sim"
1,3,1,0.16953,0.104088,45,45,73.7458,45,"No",75,"em","3","opaka-sim"
1,3,1,0.0603214,0.0501428,45,45,73.7458,50,"No",75,"em","3","opaka-sim"
1,3,1,0.0711393,0.0528423,45,45,73.7458,55,"No",75,"em","3","opaka-sim"
1,3,1,0.0285046,0.0477992,45,45,73.7458,60,"No",75,"em","3","opaka-sim"
1,3,1,0.00117542,0.0248534,45,45,73.7458,65,"No",75,"em","3","opaka-sim"
1,3,1,0.00142741,0.00578698,45,45,73.7458,70,"No",75,"em","3","opaka-sim"
1,3,1,1e-10,0.000509159,45,45,73.7458,75,"No",75,"em","3","opaka-sim"
1,3,1,1e-10,1.12422e-05,45,45,73.7458,80,"No",75,"em","3","opaka-sim"
1,3,1,1e-10,3.84733e-08,45,45,73.7458,85,"No",75,"em","3","opaka-sim"
1,3,1,0.0588235,1e-10,10,10,9.17271,5,"No",69,"om","3","opaka-sim"
1,3,1,0.0588235,1.01642e-10,10,10,9.17271,10,"No",69,"om","3","opaka-sim"
1,3,1,0.0588235,0.0226563,10,10,9.17271,15,"No",69,"om","3","opaka-sim"
1,3,1,0.0588235,0.0743564,10,10,9.17271,20,"No",69,"om","3","opaka-sim"
1,3,1,0.0588235,0.166145,10,10,9.17271,25,"No",69,"om","3","opaka-sim"
1,3,1,0.0588235,0.156234,10,10,9.17271,30,"No",69,"om","3","opaka-sim"
1,3,1,0.0588235,0.248587,10,10,9.17271,35,"No",69,"om","3","opaka-sim"
1,3,1,0.0588235,0.143877,10,10,9.17271,40,"No",69,"om","3","opaka-sim"
1,3,1,0.0588235,0.0903606,10,10,9.17271,45,"No",69,"om","3","opaka-sim"
1,3,1,0.0588235,0.0379866,10,10,9.17271,50,"No",69,"om","3","opaka-sim"
1,3,1,0.0588235,0.0241341,10,10,9.17271,55,"No",69,"om","3","opaka-sim"
1,3,1,0.0588235,0.021622,10,10,9.17271,60,"No",69,"om","3","opaka-sim"
1,3,1,0.0588235,0.0112534,10,10,9.17271,65,"No",69,"om","3","opaka-sim"
1,3,1,0.0588235,0.00256377,10,10,9.17271,70,"No",69,"om","3","opaka-sim"
1,3,1,0.0588235,0.000220108,10,10,9.17271,75,"No",69,"om","3","opaka-sim"
1,3,1,0.0588235,4.71267e-06,10,10,9.17271,80,"No",69,"om","3","opaka-sim"
1,3,1,0.0588235,1.57256e-08,10,10,9.17271,85,"No",69,"om","3","opaka-sim"
1,3,1,0.0588235,1e-10,10,10,10.2188,5,"No",70,"om","3","opaka-sim"
1,3,1,0.0588235,1.0166e-10,10,10,10.2188,10,"No",70,"om","3","opaka-sim"
1,3,1,0.0588235,0.022905,10,10,10.2188,15,"No",70,"om","3","opaka-sim"
1,3,1,0.0588235,0.0749856,10,10,10.2188,20,"No",70,"om","3","opaka-sim"
1,3,1,0.0588235,0.150931,10,10,10.2188,25,"No",70,"om","3","opaka-sim"
1,3,1,0.0588235,0.136081,10,10,10.2188,30,"No",70,"om","3","opaka-sim"
1,3,1,0.0588235,0.200168,10,10,10.2188,35,"No",70,"om","3","opaka-sim"
1,3,1,0.0588235,0.199244,10,10,10.2188,40,"No",70,"om","3","opaka-sim"
1,3,1,0.0588235,0.111988,10,10,10.2188,45,"No",70,"om","3","opaka-sim"
1,3,1,0.0588235,0.040824,10,10,10.2188,50,"No",70,"om","3","opaka-sim"
1,3,1,0.0588235,0.0254331,10,10,10.2188,55,"No",70,"om","3","opaka-sim"
1,3,1,0.0588235,0.0222102,10,10,10.2188,60,"No",70,"om","3","opaka-sim"
1,3,1,0.0588235,0.0121856,10,10,10.2188,65,"No",70,"om","3","opaka-sim"
1,3,1,0.0588235,0.00279914,10,10,10.2188,70,"No",70,"om","3","opaka-sim"
1,3,1,0.0588235,0.000239979,10,10,10.2188,75,"No",70,"om","3","opaka-sim"
1,3,1,0.0588235,5.2152e-06,10,10,10.2188,80,"No",70,"om","3","opaka-sim"
1,3,1,0.0588235,1.76782e-08,10,10,10.2188,85,"No",70,"om","3","opaka-sim"
1,3,1,0.0588235,1e-10,10,10,11.1162,5,"No",71,"om","3","opaka-sim"
1,3,1,0.0588235,1.01496e-10,10,10,11.1162,10,"No",71,"om","3","opaka-sim"
1,3,1,0.0588235,0.0206423,10,10,11.1162,15,"No",71,"om","3","opaka-sim"
1,3,1,0.0588235,0.0678261,10,10,11.1162,20,"No",71,"om","3","opaka-sim"
1,3,1,0.0588235,0.158567,10,10,11.1162,25,"No",71,"om","3","opaka-sim"
1,3,1,0.0588235,0.139739,10,10,11.1162,30,"No",71,"om","3","opaka-sim"
1,3,1,0.0588235,0.186283,10,10,11.1162,35,"No",71,"om","3","opaka-sim"
1,3,1,0.0588235,0.175031,10,10,11.1162,40,"No",71,"om","3","opaka-sim"
1,3,1,0.0588235,0.131432,10,10,11.1162,45,"No",71,"om","3","opaka-sim"
1,3,1,0.0588235,0.0511605,10,10,11.1162,50,"No",71,"om","3","opaka-sim"
1,3,1,0.0588235,0.028528,10,10,11.1162,55,"No",71,"om","3","opaka-sim"
1,3,1,0.0588235,0.0238933,10,10,11.1162,60,"No",71,"om","3","opaka-sim"
1,3,1,0.0588235,0.0134561,10,10,11.1162,65,"No",71,"om","3","opaka-sim"
1,3,1,0.0588235,0.00316347,10,10,11.1162,70,"No",71,"om","3","opaka-sim"
1,3,1,0.0588235,0.00027183,10,10,11.1162,75,"No",71,"om","3","opaka-sim"
1,3,1,0.0588235,5.94322e-06,10,10,11.1162,80,"No",71,"om","3","opaka-sim"
1,3,1,0.0588235,2.04298e-08,10,10,11.1162,85,"No",71,"om","3","opaka-sim"
1,3,1,0.0588235,1e-10,10,10,11.1112,5,"No",72,"om","3","opaka-sim"
1,3,1,0.0588235,1.01191e-10,10,10,11.1112,10,"No",72,"om","3","opaka-sim"
1,3,1,0.0588235,0.0164355,10,10,11.1112,15,"No",72,"om","3","opaka-sim"
1,3,1,0.0588235,0.0542484,10,10,11.1112,20,"No",72,"om","3","opaka-sim"
1,3,1,0.0588235,0.148512,10,10,11.1112,25,"No",72,"om","3","opaka-sim"
1,3,1,0.0588235,0.135286,10,10,11.1112,30,"No",72,"om","3","opaka-sim"
1,3,1,0.0588235,0.201601,10,10,11.1112,35,"No",72,"om","3","opaka-sim"
1,3,1,0.0588235,0.173654,10,10,11.1112,40,"No",72,"om","3","opaka-sim"
1,3,1,0.0588235,0.12706,10,10,11.1112,45,"No",72,"om","3","opaka-sim"
1,3,1,0.0588235,0.0617317,10,10,11.1112,50,"No",72,"om","3","opaka-sim"
1,3,1,0.0588235,0.0349167,10,10,11.1112,55,"No",72,"om","3","opaka-sim"
1,3,1,0.0588235,0.027225,10,10,11.1112,60,"No",72,"om","3","opaka-sim"
1,3,1,0.0588235,0.0153262,10,10,11.1112,65,"No",72,"om","3","opaka-sim"
1,3,1,0.0588235,0.0036756,10,10,11.1112,70,"No",72,"om","3","opaka-sim"
1,3,1,0.0588235,0.000320052,10,10,11.1112,75,"No",72,"om","3","opaka-sim"
1,3,1,0.0588235,7.01147e-06,10,10,11.1112,80,"No",72,"om","3","opaka-sim"
1,3,1,0.0588235,2.43112e-08,10,10,11.1112,85,"No",72,"om","3","opaka-sim"
1,3,1,0.0588235,1e-10,10,10,13.0885,5,"No",73,"om","3","opaka-sim"
1,3,1,0.0588235,1.02079e-10,10,10,13.0885,10,"No",73,"om","3","opaka-sim"
1,3,1,0.0588235,0.0286911,10,10,13.0885,15,"No",73,"om","3","opaka-sim"
1,3,1,0.0588235,0.0931301,10,10,13.0885,20,"No",73,"om","3","opaka-sim"
1,3,1,0.0588235,0.116529,10,10,13.0885,25,"No",73,"om","3","opaka-sim"
1,3,1,0.0588235,0.110453,10,10,13.0885,30,"No",73,"om","3","opaka-sim"
1,3,1,0.0588235,0.188187,10,10,13.0885,35,"No",73,"om","3","opaka-sim"
1,3,1,0.0588235,0.178327,10,10,13.0885,40,"No",73,"om","3","opaka-sim"
1,3,1,0.0588235,0.127168,10,10,13.0885,45,"No",73,"om","3","opaka-sim"
1,3,1,0.0588235,0.0626893,10,10,13.0885,50,"No",73,"om","3","opaka-sim"
1,3,1,0.0588235,0.0416346,10,10,13.0885,55,"No",73,"om","3","opaka-sim"
1,3,1,0.0588235,0.031433,10,10,13.0885,60,"No",73,"om","3","opaka-sim"
1,3,1,0.0588235,0.017212,10,10,13.0885,65,"No",73,"om","3","opaka-sim"
1,3,1,0.0588235,0.00416884,10,10,13.0885,70,"No",73,"om","3","opaka-sim"
1,3,1,0.0588235,0.000369113,10,10,13.0885,75,"No",73,"om","3","opaka-sim"
1,3,1,0.0588235,8.13759e-06,10,10,13.0885,80,"No",73,"om","3","opaka-sim"
1,3,1,0.0588235,2.83213e-08,10,10,13.0885,85,"No",73,"om","3","opaka-sim"
1,3,1,0.0588235,1e-10,10,10,12.6235,5,"No",74,"om","3","opaka-sim"
1,3,1,0.0588235,1.01457e-10,10,10,12.6235,10,"No",74,"om","3","opaka-sim"
1,3,1,0.0588235,0.0201028,10,10,12.6235,15,"No",74,"om","3","opaka-sim"
1,3,1,0.0588235,0.0664379,10,10,12.6235,20,"No",74,"om","3","opaka-sim"
1,3,1,0.0588235,0.189325,10,10,12.6235,25,"No",74,"om","3","opaka-sim"
1,3,1,0.0588235,0.153854,10,10,12.6235,30,"No",74,"om","3","opaka-sim"
1,3,1,0.0588235,0.140155,10,10,12.6235,35,"No",74,"om","3","opaka-sim"
1,3,1,0.0588235,0.151418,10,10,12.6235,40,"No",74,"om","3","opaka-sim"
1,3,1,0.0588235,0.118661,10,10,12.6235,45,"No",74,"om","3","opaka-sim"
1,3,1,0.0588235,0.0594758,10,10,12.6235,50,"No",74,"om","3","opaka-sim"
1,3,1,0.0588235,0.0429172,10,10,12.6235,55,"No",74,"om","3","opaka-sim"
1,3,1,0.0588235,0.0344498,10,10,12.6235,60,"No",74,"om","3","opaka-sim"
1,3,1,0.0588235,0.018369,10,10,12.6235,65,"No",74,"om","3","opaka-sim"
1,3,1,0.0588235,0.00442886,10,10,12.6235,70,"No",74,"om","3","opaka-sim"
1,3,1,0.0588235,0.000396894,10,10,12.6235,75,"No",74,"om","3","opaka-sim"
1,3,1,0.0588235,8.85593e-06,10,10,12.6235,80,"No",74,"om","3","opaka-sim"
1,3,1,0.0588235,3.09334e-08,10,10,12.6235,85,"No",74,"om","3","opaka-sim"
1,3,1,0.0588235,1e-10,10,10,12.7097,5,"No",75,"om","3","opaka-sim"
1,3,1,0.0588235,1.02036e-10,10,10,12.7097,10,"No",75,"om","3","opaka-sim"
1,3,1,0.0588235,0.0280915,10,10,12.7097,15,"No",75,"om","3","opaka-sim"
1,3,1,0.0588235,0.0914126,10,10,12.7097,20,"No",75,"om","3","opaka-sim"
1,3,1,0.0588235,0.134923,10,10,12.7097,25,"No",75,"om","3","opaka-sim"
1,3,1,0.0588235,0.129228,10,10,12.7097,30,"No",75,"om","3","opaka-sim"
1,3,1,0.0588235,0.217959,10,10,12.7097,35,"No",75,"om","3","opaka-sim"
1,3,1,0.0588235,0.139416,10,10,12.7097,40,"No",75,"om","3","opaka-sim"
1,3,1,0.0588235,0.0990369,10,10,12.7097,45,"No",75,"om","3","opaka-sim"
1,3,1,0.0588235,0.0556476,10,10,12.7097,50,"No",75,"om","3","opaka-sim"
1,3,1,0.0588235,0.0424153,10,10,12.7097,55,"No",75,"om","3","opaka-sim"
1,3,1,0.0588235,0.0369013,10,10,12.7097,60,"No",75,"om","3","opaka-sim"
1,3,1,0.0588235,0.0198091,10,10,12.7097,65,"No",75,"om","3","opaka-sim"
1,3,1,0.0588235,0.00472506,10,10,12.7097,70,"No",75,"om","3","opaka-sim"
1,3,1,0.0588235,0.000424701,10,10,12.7097,75,"No",75,"om","3","opaka-sim"
1,3,1,0.0588235,9.59851e-06,10,10,12.7097,80,"No",75,"om","3","opaka-sim"
1,3,1,0.0588235,3.37627e-08,10,10,12.7097,85,"No",75,"om","3","opaka-sim"
1,3,1,1e-10,1e-10,45,45,94.4143,5,"No",69,"em","4","opaka-sim"
1,3,1,1e-10,1.02035e-10,45,45,94.4143,10,"No",69,"em","4","opaka-sim"
1,3,1,0.00809147,0.0200627,45,45,94.4143,15,"No",69,"em","4","opaka-sim"
1,3,1,0.0671663,0.095635,45,45,94.4143,20,"No",69,"em","4","opaka-sim"
1,3,1,0.230642,0.239468,45,45,94.4143,25,"No",69,"em","4","opaka-sim"
1,3,1,0.19387,0.182694,45,45,94.4143,30,"No",69,"em","4","opaka-sim"
1,3,1,0.0677484,0.101961,45,45,94.4143,35,"No",69,"em","4","opaka-sim"
1,3,1,0.131348,0.143383,45,45,94.4143,40,"No",69,"em","4","opaka-sim"
1,3,1,0.100713,0.102609,45,45,94.4143,45,"No",69,"em","4","opaka-sim"
1,3,1,0.073471,0.038124,45,45,94.4143,50,"No",69,"em","4","opaka-sim"
1,3,1,0.0288215,0.0334884,45,45,94.4143,55,"No",69,"em","4","opaka-sim"
1,3,1,0.0967314,0.0250633,45,45,94.4143,60,"No",69,"em","4","opaka-sim"
1,3,1,0.00106503,0.0137246,45,45,94.4143,65,"No",69,"em","4","opaka-sim"
1,3,1,0.00033222,0.00346343,45,45,94.4143,70,"No",69,"em","4","opaka-sim"
1,3,1,1.56146e-10,0.000316671,45,45,94.4143,75,"No",69,"em","4","opaka-sim"
1,3,1,1e-10,6.91042e-06,45,45,94.4143,80,"No",69,"em","4","opaka-sim"
1,3,1,1e-10,2.2495e-08,45,45,94.4143,85,"No",69,"em","4","opaka-sim"
1,3,1,1e-10,1e-10,45,45,101.532,5,"No",70,"em","4","opaka-sim"
1,3,1,1e-10,1.02503e-10,45,45,101.532,10,"No",70,"em","4","opaka-sim"
1,3,1,0.018125,0.0246702,45,45,101.532,15,"No",70,"em","4","opaka-sim"
1,3,1,0.103387,0.116232,45,45,101.532,20,"No",70,"em","4","opaka-sim"
1,3,1,0.165864,0.170421,45,45,101.532,25,"No",70,"em","4","opaka-sim"
1,3,1,0.20815,0.157239,45,45,101.532,30,"No",70,"em","4","opaka-sim"
1,3,1,0.181504,0.233296,45,45,101.532,35,"No",70,"em","4","opaka-sim"
1,3,1,0.160652,0.116391,45,45,101.532,40,"No",70,"em","4","opaka-sim"
1,3,1,0.10016,0.0849685,45,45,101.532,45,"No",70,"em","4","opaka-sim"
1,3,1,0.0164958,0.0291457,45,45,101.532,50,"No",70,"em","4","opaka-sim"
1,3,1,0.0234238,0.0264207,45,45,101.532,55,"No",70,"em","4","opaka-sim"
1,3,1,0.00244152,0.0247439,45,45,101.532,60,"No",70,"em","4","opaka-sim"
1,3,1,0.0197975,0.0129787,45,45,101.532,65,"No",70,"em","4","opaka-sim"
1,3,1,1.34192e-08,0.00319158,45,45,101.532,70,"No",70,"em","4","opaka-sim"
1,3,1,1e-10,0.000295787,45,45,101.532,75,"No",70,"em","4","opaka-sim"
1,3,1,1e-10,6.70189e-06,45,45,101.532,80,"No",70,"em","4","opaka-sim"
1,3,1,1e-10,2.26875e-08,45,45,101.532,85,"No",70,"em","4","opaka-sim"
1,3,1,1e-10,1e-10,45,45,63.357,5,"No",71,"em","4","opaka-sim"
1,3,1,1e-10,1.00844e-10,45,45,63.357,10,"No",71,"em","4","opaka-sim"
1,3,1,2.59641e-06,0.00831589,45,45,63.357,15,"No",71,"em","4","opaka-sim"
1,3,1,0.0729981,0.0409396,45,45,63.357,20,"No",71,"em","4","opaka-sim"
1,3,1,0.193709,0.217376,45,45,63.357,25,"No",71,"em","4","opaka-sim"
1,3,1,0.194571,0.18037,45,45,63.357,30,"No",71,"em","4","opaka-sim"
1,3,1,0.211036,0.183725,45,45,63.357,35,"No",71,"em","4","opaka-sim"
1,3,1,0.0895833,0.181617,45,45,63.357,40,"No",71,"em","4","opaka-sim"
1,3,1,0.139437,0.103509,45,45,63.357,45,"No",71,"em","4","opaka-sim"
1,3,1,0.024136,0.0241899,45,45,63.357,50,"No",71,"em","4","opaka-sim"
1,3,1,0.0465517,0.0207714,45,45,63.357,55,"No",71,"em","4","opaka-sim"
1,3,1,0.00905789,0.0230644,45,45,63.357,60,"No",71,"em","4","opaka-sim"
1,3,1,0.0170424,0.0127725,45,45,63.357,65,"No",71,"em","4","opaka-sim"
1,3,1,0.0018747,0.00306076,45,45,63.357,70,"No",71,"em","4","opaka-sim"
1,3,1,7.24862e-09,0.000281894,45,45,63.357,75,"No",71,"em","4","opaka-sim"
1,3,1,1e-10,6.54572e-06,45,45,63.357,80,"No",71,"em","4","opaka-sim"
1,3,1,1e-10,2.29665e-08,45,45,63.357,85,"No",71,"em","4","opaka-sim"
1,3,1,1e-10,1e-10,45,45,58.4621,5,"No",72,"em","4","opaka-sim"
1,3,1,1e-10,1.0184e-10,45,45,58.4621,10,"No",72,"em","4","opaka-sim"
1,3,1,0.0447116,0.0181369,45,45,58.4621,15,"No",72,"em","4","opaka-sim"
1,3,1,0.0778905,0.0850348,45,45,58.4621,20,"No",72,"em","4","opaka-sim"
1,3,1,0.0726164,0.0875374,45,45,58.4621,25,"No",72,"em","4","opaka-sim"
1,3,1,0.0549734,0.103734,45,45,58.4621,30,"No",72,"em","4","opaka-sim"
1,3,1,0.254515,0.269065,45,45,58.4621,35,"No",72,"em","4","opaka-sim"
1,3,1,0.263007,0.198012,45,45,58.4621,40,"No",72,"em","4","opaka-sim"
1,3,1,0.0822173,0.14253,45,45,58.4621,45,"No",72,"em","4","opaka-sim"
1,3,1,0.0813569,0.0325692,45,45,58.4621,50,"No",72,"em","4","opaka-sim"
1,3,1,0.0202053,0.0205124,45,45,58.4621,55,"No",72,"em","4","opaka-sim"
1,3,1,0.0446912,0.0242533,45,45,58.4621,60,"No",72,"em","4","opaka-sim"
1,3,1,0.0036225,0.0147241,45,45,58.4621,65,"No",72,"em","4","opaka-sim"
1,3,1,0.000192419,0.00356067,45,45,58.4621,70,"No",72,"em","4","opaka-sim"
1,3,1,1e-10,0.000322302,45,45,58.4621,75,"No",72,"em","4","opaka-sim"
1,3,1,1e-10,7.54977e-06,45,45,58.4621,80,"No",72,"em","4","opaka-sim"
1,3,1,1e-10,2.72067e-08,45,45,58.4621,85,"No",72,"em","4","opaka-sim"
1,3,1,1e-10,1e-10,45,45,19.6471,5,"No",73,"em","4","opaka-sim"
1,3,1,1e-10,1.01351e-10,45,45,19.6471,10,"No",73,"em","4","opaka-sim"
1,3,1,0.00386415,0.0133211,45,45,19.6471,15,"No",73,"em","4","opaka-sim"
1,3,1,0.0661474,0.0637338,45,45,19.6471,20,"No",73,"em","4","opaka-sim"
1,3,1,0.210622,0.180346,45,45,19.6471,25,"No",73,"em","4","opaka-sim"
1,3,1,0.0647384,0.142725,45,45,19.6471,30,"No",73,"em","4","opaka-sim"
1,3,1,0.12669,0.11758,45,45,19.6471,35,"No",73,"em","4","opaka-sim"
1,3,1,0.113618,0.211462,45,45,19.6471,40,"No",73,"em","4","opaka-sim"
1,3,1,0.324873,0.165797,45,45,19.6471,45,"No",73,"em","4","opaka-sim"
1,3,1,0.0149835,0.0403691,45,45,19.6471,50,"No",73,"em","4","opaka-sim"
1,3,1,0.00242864,0.0216139,45,45,19.6471,55,"No",73,"em","4","opaka-sim"
1,3,1,0.032111,0.0234569,45,45,19.6471,60,"No",73,"em","4","opaka-sim"
1,3,1,0.0329996,0.0153851,45,45,19.6471,65,"No",73,"em","4","opaka-sim"
1,3,1,0.00692402,0.00385566,45,45,19.6471,70,"No",73,"em","4","opaka-sim"
1,3,1,1e-10,0.000347524,45,45,19.6471,75,"No",73,"em","4","opaka-sim"
1,3,1,1e-10,8.09064e-06,45,45,19.6471,80,"No",73,"em","4","opaka-sim"
1,3,1,1e-10,2.96183e-08,45,45,19.6471,85,"No",73,"em","4","opaka-sim"
1,3,1,1e-10,1e-10,45,45,35.0982,5,"No",74,"em","4","opaka-sim"
1,3,1,1e-10,1.03463e-10,45,45,35.0982,10,"No",74,"em","4","opaka-sim"
1,3,1,0.0470485,0.0341296,45,45,35.0982,15,"No",74,"em","4","opaka-sim"
1,3,1,0.0585457,0.159582,45,45,35.0982,20,"No",74,"em","4","opaka-sim"
1,3,1,0.186825,0.125082,45,45,35.0982,25,"No",74,"em","4","opaka-sim"
1,3,1,0.128566,0.119056,45,45,35.0982,30,"No",74,"em","4","opaka-sim"
1,3,1,0.255859,0.195922,45,45,35.0982,35,"No",74,"em","4","opaka-sim"
1,3,1,0.0657738,0.126802,45,45,35.0982,40,"No",74,"em","4","opaka-sim"
1,3,1,0.109904,0.130208,45,45,35.0982,45,"No",74,"em","4","opaka-sim"
1,3,1,0.0829141,0.0445021,45,45,35.0982,50,"No",74,"em","4","opaka-sim"
1,3,1,0.0532237,0.0235282,45,45,35.0982,55,"No",74,"em","4","opaka-sim"
1,3,1,0.00899774,0.0221322,45,45,35.0982,60,"No",74,"em","4","opaka-sim"
1,3,1,0.000173769,0.0148189,45,45,35.0982,65,"No",74,"em","4","opaka-sim"
1,3,1,0.00216814,0.00387396,45,45,35.0982,70,"No",74,"em","4","opaka-sim"
1,3,1,1e-10,0.000355123,45,45,35.0982,75,"No",74,"em","4","opaka-sim"
1,3,1,1e-10,8.19649e-06,45,45,35.0982,80,"No",74,"em","4","opaka-sim"
1,3,1,1e-10,3.01091e-08,45,45,35.0982,85,"No",74,"em","4","opaka-sim"
1,3,1,1e-10,1e-10,45,45,25.6871,5,"No",75,"em","4","opaka-sim"
1,3,1,1e-10,1.00689e-10,45,45,25.6871,10,"No",75,"em","4","opaka-sim"
1,3,1,4.36081e-05,0.00679214,45,45,25.6871,15,"No",75,"em","4","opaka-sim"
1,3,1,0.0414011,0.0345984,45,45,25.6871,20,"No",75,"em","4","opaka-sim"
1,3,1,0.434792,0.282944,45,45,25.6871,25,"No",75,"em","4","opaka-sim"
1,3,1,0.156437,0.217769,45,45,25.6871,30,"No",75,"em","4","opaka-sim"
1,3,1,0.154082,0.128497,45,45,25.6871,35,"No",75,"em","4","opaka-sim"
1,3,1,0.0786484,0.140389,45,45,25.6871,40,"No",75,"em","4","opaka-sim"
1,3,1,0.0813145,0.0977382,45,45,25.6871,45,"No",75,"em","4","opaka-sim"
1,3,1,0.0183572,0.0331804,45,45,25.6871,50,"No",75,"em","4","opaka-sim"
1,3,1,0.0148124,0.0224227,45,45,25.6871,55,"No",75,"em","4","opaka-sim"
1,3,1,0.018232,0.0194155,45,45,25.6871,60,"No",75,"em","4","opaka-sim"
1,3,1,0.0018766,0.0125545,45,45,25.6871,65,"No",75,"em","4","opaka-sim"
1,3,1,3.65606e-09,0.00337384,45,45,25.6871,70,"No",75,"em","4","opaka-sim"
1,3,1,3.22047e-06,0.000318287,45,45,25.6871,75,"No",75,"em","4","opaka-sim"
1,3,1,1e-10,7.36564e-06,45,45,25.6871,80,"No",75,"em","4","opaka-sim"
1,3,1,1e-10,2.69517e-08,45,45,25.6871,85,"No",75,"em","4","opaka-sim"
1,3,1,0.0588235,1e-10,10,10,10.6633,5,"No",69,"om","4","opaka-sim"
1,3,1,0.0588235,1.02172e-10,10,10,10.6633,10,"No",69,"om","4","opaka-sim"
1,3,1,0.0588235,0.0299709,10,10,10.6633,15,"No",69,"om","4","opaka-sim"
1,3,1,0.0588235,0.0983934,10,10,10.6633,20,"No",69,"om","4","opaka-sim"
1,3,1,0.0588235,0.222458,10,10,10.6633,25,"No",69,"om","4","opaka-sim"
1,3,1,0.0588235,0.173422,10,10,10.6633,30,"No",69,"om","4","opaka-sim"
1,3,1,0.0588235,0.120135,10,10,10.6633,35,"No",69,"om","4","opaka-sim"
1,3,1,0.0588235,0.155308,10,10,10.6633,40,"No",69,"om","4","opaka-sim"
1,3,1,0.0588235,0.086281,10,10,10.6633,45,"No",69,"om","4","opaka-sim"
1,3,1,0.0588235,0.0371572,10,10,10.6633,50,"No",69,"om","4","opaka-sim"
1,3,1,0.0588235,0.0335494,10,10,10.6633,55,"No",69,"om","4","opaka-sim"
1,3,1,0.0588235,0.0258307,10,10,10.6633,60,"No",69,"om","4","opaka-sim"
1,3,1,0.0588235,0.0139272,10,10,10.6633,65,"No",69,"om","4","opaka-sim"
1,3,1,0.0588235,0.00328182,10,10,10.6633,70,"No",69,"om","4","opaka-sim"
1,3,1,0.0588235,0.000279307,10,10,10.6633,75,"No",69,"om","4","opaka-sim"
1,3,1,0.0588235,5.82492e-06,10,10,10.6633,80,"No",69,"om","4","opaka-sim"
1,3,1,0.0588235,1.86824e-08,10,10,10.6633,85,"No",69,"om","4","opaka-sim"
1,3,1,0.0588235,1e-10,10,10,10.6609,5,"No",70,"om","4","opaka-sim"
1,3,1,0.0588235,1.02655e-10,10,10,10.6609,10,"No",70,"om","4","opaka-sim"
1,3,1,0.0588235,0.0366348,10,10,10.6609,15,"No",70,"om","4","opaka-sim"
1,3,1,0.0588235,0.119175,10,10,10.6609,20,"No",70,"om","4","opaka-sim"
1,3,1,0.0588235,0.172448,10,10,10.6609,25,"No",70,"om","4","opaka-sim"
1,3,1,0.0588235,0.155868,10,10,10.6609,30,"No",70,"om","4","opaka-sim"
1,3,1,0.0588235,0.217324,10,10,10.6609,35,"No",70,"om","4","opaka-sim"
1,3,1,0.0588235,0.116898,10,10,10.6609,40,"No",70,"om","4","opaka-sim"
1,3,1,0.0588235,0.0799641,10,10,10.6609,45,"No",70,"om","4","opaka-sim"
1,3,1,0.0588235,0.0347015,10,10,10.6609,50,"No",70,"om","4","opaka-sim"
1,3,1,0.0588235,0.0263189,10,10,10.6609,55,"No",70,"om","4","opaka-sim"
1,3,1,0.0588235,0.0243312,10,10,10.6609,60,"No",70,"om","4","opaka-sim"
1,3,1,0.0588235,0.0129964,10,10,10.6609,65,"No",70,"om","4","opaka-sim"
1,3,1,0.0588235,0.00306626,10,10,10.6609,70,"No",70,"om","4","opaka-sim"
1,3,1,0.0588235,0.000266535,10,10,10.6609,75,"No",70,"om","4","opaka-sim"
1,3,1,0.0588235,5.69199e-06,10,10,10.6609,80,"No",70,"om","4","opaka-sim"
1,3,1,0.0588235,1.87492e-08,10,10,10.6609,85,"No",70,"om","4","opaka-sim"
1,3,1,0.0588235,1e-10,10,10,7.96791,5,"No",71,"om","4","opaka-sim"
1,3,1,0.0588235,1.00619e-10,10,10,7.96791,10,"No",71,"om","4","opaka-sim"
1,3,1,0.0588235,0.008542,10,10,7.96791,15,"No",71,"om","4","opaka-sim"
1,3,1,0.0588235,0.0298527,10,10,7.96791,20,"No",71,"om","4","opaka-sim"
1,3,1,0.0588235,0.22789,10,10,7.96791,25,"No",71,"om","4","opaka-sim"
1,3,1,0.0588235,0.189148,10,10,7.96791,30,"No",71,"om","4","opaka-sim"
1,3,1,0.0588235,0.191349,10,10,7.96791,35,"No",71,"om","4","opaka-sim"
1,3,1,0.0588235,0.168161,10,10,7.96791,40,"No",71,"om","4","opaka-sim"
1,3,1,0.0588235,0.0882979,10,10,7.96791,45,"No",71,"om","4","opaka-sim"
1,3,1,0.0588235,0.0338201,10,10,7.96791,50,"No",71,"om","4","opaka-sim"
1,3,1,0.0588235,0.0235601,10,10,7.96791,55,"No",71,"om","4","opaka-sim"
1,3,1,0.0588235,0.0230402,10,10,7.96791,60,"No",71,"om","4","opaka-sim"
1,3,1,0.0588235,0.0129971,10,10,7.96791,65,"No",71,"om","4","opaka-sim"
1,3,1,0.0588235,0.00306686,10,10,7.96791,70,"No",71,"om","4","opaka-sim"
1,3,1,0.0588235,0.000269363,10,10,7.96791,75,"No",71,"om","4","opaka-sim"
1,3,1,0.0588235,5.8774e-06,10,10,7.96791,80,"No",71,"om","4","opaka-sim"
1,3,1,0.0588235,1.98014e-08,10,10,7.96791,85,"No",71,"om","4","opaka-sim"
1,3,1,0.0588235,1e-10,10,10,8.14974,5,"No",72,"om","4","opaka-sim"
1,3,1,0.0588235,1.02243e-10,10,10,8.14974,10,"No",72,"om","4","opaka-sim"
1,3,1,0.0588235,0.030949,10,10,8.14974,15,"No",72,"om","4","opaka-sim"
1,3,1,0.0588235,0.0997599,10,10,8.14974,20,"No",72,"om","4","opaka-sim"
1,3,1,0.0588235,0.0622309,10,10,8.14974,25,"No",72,"om","4","opaka-sim"
1,3,1,0.0588235,0.0887875,10,10,8.14974,30,"No",72,"om","4","opaka-sim"
1,3,1,0.0588235,0.286598,10,10,8.14974,35,"No",72,"om","4","opaka-sim"
1,3,1,0.0588235,0.19719,10,10,8.14974,40,"No",72,"om","4","opaka-sim"
1,3,1,0.0588235,0.120603,10,10,8.14974,45,"No",72,"om","4","opaka-sim"
1,3,1,0.0588235,0.043455,10,10,8.14974,50,"No",72,"om","4","opaka-sim"
1,3,1,0.0588235,0.0263686,10,10,8.14974,55,"No",72,"om","4","opaka-sim"
1,3,1,0.0588235,0.0251366,10,10,8.14974,60,"No",72,"om","4","opaka-sim"
1,3,1,0.0588235,0.0149832,10,10,8.14974,65,"No",72,"om","4","opaka-sim"
1,3,1,0.0588235,0.00361265,10,10,8.14974,70,"No",72,"om","4","opaka-sim"
1,3,1,0.0588235,0.00031818,10,10,8.14974,75,"No",72,"om","4","opaka-sim"
1,3,1,0.0588235,7.0564e-06,10,10,8.14974,80,"No",72,"om","4","opaka-sim"
1,3,1,0.0588235,2.42262e-08,10,10,8.14974,85,"No",72,"om","4","opaka-sim"
1,3,1,0.0588235,1e-10,10,10,10.6136,5,"No",73,"om","4","opaka-sim"
1,3,1,0.0588235,1.01706e-10,10,10,10.6136,10,"No",73,"om","4","opaka-sim"
1,3,1,0.0588235,0.0235414,10,10,10.6136,15,"No",73,"om","4","opaka-sim"
1,3,1,0.0588235,0.0775858,10,10,10.6136,20,"No",73,"om","4","opaka-sim"
1,3,1,0.0588235,0.20199,10,10,10.6136,25,"No",73,"om","4","opaka-sim"
1,3,1,0.0588235,0.152877,10,10,10.6136,30,"No",73,"om","4","opaka-sim"
1,3,1,0.0588235,0.0877562,10,10,10.6136,35,"No",73,"om","4","opaka-sim"
1,3,1,0.0588235,0.194633,10,10,10.6136,40,"No",73,"om","4","opaka-sim"
1,3,1,0.0588235,0.138964,10,10,10.6136,45,"No",73,"om","4","opaka-sim"
1,3,1,0.0588235,0.0509646,10,10,10.6136,50,"No",73,"om","4","opaka-sim"
1,3,1,0.0588235,0.0279601,10,10,10.6136,55,"No",73,"om","4","opaka-sim"
1,3,1,0.0588235,0.024591,10,10,10.6136,60,"No",73,"om","4","opaka-sim"
1,3,1,0.0588235,0.0150588,10,10,10.6136,65,"No",73,"om","4","opaka-sim"
1,3,1,0.0588235,0.00373786,10,10,10.6136,70,"No",73,"om","4","opaka-sim"
1,3,1,0.0588235,0.000332829,10,10,10.6136,75,"No",73,"om","4","opaka-sim"
1,3,1,0.0588235,7.4446e-06,10,10,10.6136,80,"No",73,"om","4","opaka-sim"
1,3,1,0.0588235,2.59757e-08,10,10,10.6136,85,"No",73,"om","4","opaka-sim"
1,3,1,0.0588235,1e-10,10,10,12.1435,5,"No",74,"om","4","opaka-sim"
1,3,1,0.0588235,1.0418e-10,10,10,12.1435,10,"No",74,"om","4","opaka-sim"
1,3,1,0.0588235,0.0576739,10,10,12.1435,15,"No",74,"om","4","opaka-sim"
1,3,1,0.0588235,0.186106,10,10,12.1435,20,"No",74,"om","4","opaka-sim"
1,3,1,0.0588235,0.134198,10,10,12.1435,25,"No",74,"om","4","opaka-sim"
1,3,1,0.0588235,0.125453,10,10,12.1435,30,"No",74,"om","4","opaka-sim"
1,3,1,0.0588235,0.193033,10,10,12.1435,35,"No",74,"om","4","opaka-sim"
1,3,1,0.0588235,0.0953579,10,10,12.1435,40,"No",74,"om","4","opaka-sim"
1,3,1,0.0588235,0.0915762,10,10,12.1435,45,"No",74,"om","4","opaka-sim"
1,3,1,0.0588235,0.0507583,10,10,12.1435,50,"No",74,"om","4","opaka-sim"
1,3,1,0.0588235,0.0273734,10,10,12.1435,55,"No",74,"om","4","opaka-sim"
1,3,1,0.0588235,0.0217094,10,10,12.1435,60,"No",74,"om","4","opaka-sim"
1,3,1,0.0588235,0.0131181,10,10,12.1435,65,"No",74,"om","4","opaka-sim"
1,3,1,0.0588235,0.00333313,10,10,12.1435,70,"No",74,"om","4","opaka-sim"
1,3,1,0.0588235,0.000302817,10,10,12.1435,75,"No",74,"om","4","opaka-sim"
1,3,1,0.0588235,6.82428e-06,10,10,12.1435,80,"No",74,"om","4","opaka-sim"
1,3,1,0.0588235,2.40869e-08,10,10,12.1435,85,"No",74,"om","4","opaka-sim"
1,3,1,0.0588235,1e-10,10,10,6.32387,5,"No",75,"om","4","opaka-sim"
1,3,1,0.0588235,1.00869e-10,10,10,6.32387,10,"No",75,"om","4","opaka-sim"
1,3,1,0.0588235,0.0119871,10,10,6.32387,15,"No",75,"om","4","opaka-sim"
1,3,1,0.0588235,0.0417287,10,10,6.32387,20,"No",75,"om","4","opaka-sim"
1,3,1,0.0588235,0.304814,10,10,6.32387,25,"No",75,"om","4","opaka-sim"
1,3,1,0.0588235,0.233232,10,10,6.32387,30,"No",75,"om","4","opaka-sim"
1,3,1,0.0588235,0.128339,10,10,6.32387,35,"No",75,"om","4","opaka-sim"
1,3,1,0.0588235,0.122624,10,10,6.32387,40,"No",75,"om","4","opaka-sim"
1,3,1,0.0588235,0.066219,10,10,6.32387,45,"No",75,"om","4","opaka-sim"
1,3,1,0.0588235,0.0342588,10,10,6.32387,50,"No",75,"om","4","opaka-sim"
1,3,1,0.0588235,0.0246469,10,10,6.32387,55,"No",75,"om","4","opaka-sim"
1,3,1,0.0588235,0.0184933,10,10,6.32387,60,"No",75,"om","4","opaka-sim"
1,3,1,0.0588235,0.0106672,10,10,6.32387,65,"No",75,"om","4","opaka-sim"
1,3,1,0.0588235,0.00273068,10,10,6.32387,70,"No",75,"om","4","opaka-sim"
1,3,1,0.0588235,0.000253198,10,10,6.32387,75,"No",75,"om","4","opaka-sim"
1,3,1,0.0588235,5.78156e-06,10,10,6.32387,80,"No",75,"om","4","opaka-sim"
1,3,1,0.0588235,2.05772e-08,10,10,6.32387,85,"No",75,"om","4","opaka-sim"
1,3,1,1e-10,1e-10,45,45,82.9409,5,"No",69,"em","5","opaka-sim"
1,3,1,1e-10,1.01176e-10,45,45,82.9409,10,"No",69,"em","5","opaka-sim"
1,3,1,0.0196404,0.0190328,45,45,82.9409,15,"No",69,"em","5","opaka-sim"
1,3,1,0.0542448,0.0522101,45,45,82.9409,20,"No",69,"em","5","opaka-sim"
1,3,1,0.205734,0.157032,45,45,82.9409,25,"No",69,"em","5","opaka-sim"
1,3,1,0.119943,0.171588,45,45,82.9409,30,"No",69,"em","5","opaka-sim"
1,3,1,0.408881,0.355336,45,45,82.9409,35,"No",69,"em","5","opaka-sim"
1,3,1,0.111161,0.148192,45,45,82.9409,40,"No",69,"em","5","opaka-sim"
1,3,1,0.040302,0.052412,45,45,82.9409,45,"No",69,"em","5","opaka-sim"
1,3,1,0.0137173,0.0218689,45,45,82.9409,50,"No",69,"em","5","opaka-sim"
1,3,1,0.0113897,0.0110781,45,45,82.9409,55,"No",69,"em","5","opaka-sim"
1,3,1,0.0051101,0.00672279,45,45,82.9409,60,"No",69,"em","5","opaka-sim"
1,3,1,0.00987615,0.00358675,45,45,82.9409,65,"No",69,"em","5","opaka-sim"
1,3,1,2.69001e-09,0.000862915,45,45,82.9409,70,"No",69,"em","5","opaka-sim"
1,3,1,1e-10,7.57036e-05,45,45,82.9409,75,"No",69,"em","5","opaka-sim"
1,3,1,1e-10,1.65319e-06,45,45,82.9409,80,"No",69,"em","5","opaka-sim"
1,3,1,1e-10,5.87136e-09,45,45,82.9409,85,"No",69,"em","5","opaka-sim"
1,3,1,1e-10,1e-10,45,45,28.698,5,"No",70,"em","5","opaka-sim"
1,3,1,1e-10,1.00692e-10,45,45,28.698,10,"No",70,"em","5","opaka-sim"
1,3,1,4.44479e-05,0.011206,45,45,28.698,15,"No",70,"em","5","opaka-sim"
1,3,1,0.00708479,0.0311855,45,45,28.698,20,"No",70,"em","5","opaka-sim"
1,3,1,0.261167,0.13294,45,45,28.698,25,"No",70,"em","5","opaka-sim"
1,3,1,0.0964597,0.129436,45,45,28.698,30,"No",70,"em","5","opaka-sim"
1,3,1,0.161186,0.233714,45,45,28.698,35,"No",70,"em","5","opaka-sim"
1,3,1,0.21307,0.257507,45,45,28.698,40,"No",70,"em","5","opaka-sim"
1,3,1,0.192253,0.139343,45,45,28.698,45,"No",70,"em","5","opaka-sim"
1,3,1,0.0353682,0.0355031,45,45,28.698,50,"No",70,"em","5","opaka-sim"
1,3,1,0.00184917,0.0146216,45,45,28.698,55,"No",70,"em","5","opaka-sim"
1,3,1,0.0141285,0.00864883,45,45,28.698,60,"No",70,"em","5","opaka-sim"
1,3,1,0.00198452,0.00463114,45,45,28.698,65,"No",70,"em","5","opaka-sim"
1,3,1,0.0150074,0.00115654,45,45,28.698,70,"No",70,"em","5","opaka-sim"
1,3,1,0.000396845,0.000105156,45,45,28.698,75,"No",70,"em","5","opaka-sim"
1,3,1,1e-10,2.33005e-06,45,45,28.698,80,"No",70,"em","5","opaka-sim"
1,3,1,1e-10,8.19615e-09,45,45,28.698,85,"No",70,"em","5","opaka-sim"
1,3,1,1e-10,1e-10,45,45,53.2884,5,"No",71,"em","5","opaka-sim"
1,3,1,1e-10,1.04652e-10,45,45,53.2884,10,"No",71,"em","5","opaka-sim"
1,3,1,0.0130535,0.0752922,45,45,53.2884,15,"No",71,"em","5","opaka-sim"
1,3,1,0.193462,0.200444,45,45,53.2884,20,"No",71,"em","5","opaka-sim"
1,3,1,0.0394615,0.0666889,45,45,53.2884,25,"No",71,"em","5","opaka-sim"
1,3,1,0.118713,0.0728283,45,45,53.2884,30,"No",71,"em","5","opaka-sim"
1,3,1,0.197502,0.161702,45,45,53.2884,35,"No",71,"em","5","opaka-sim"
1,3,1,0.158258,0.158828,45,45,53.2884,40,"No",71,"em","5","opaka-sim"
1,3,1,0.116981,0.159939,45,45,53.2884,45,"No",71,"em","5","opaka-sim"
1,3,1,0.146957,0.0693482,45,45,53.2884,50,"No",71,"em","5","opaka-sim"
1,3,1,0.00639965,0.01877,45,45,53.2884,55,"No",71,"em","5","opaka-sim"
1,3,1,0.000203278,0.00962553,45,45,53.2884,60,"No",71,"em","5","opaka-sim"
1,3,1,0.00899146,0.00510546,45,45,53.2884,65,"No",71,"em","5","opaka-sim"
1,3,1,1.64807e-09,0.00130311,45,45,53.2884,70,"No",71,"em","5","opaka-sim"
1,3,1,1.79786e-05,0.000122435,45,45,53.2884,75,"No",71,"em","5","opaka-sim"
1,3,1,1e-10,2.78596e-06,45,45,53.2884,80,"No",71,"em","5","opaka-sim"
1,3,1,1e-10,9.82178e-09,45,45,53.2884,85,"No",71,"em","5","opaka-sim"
1,3,1,1e-10,1e-10,45,45,72.6136,5,"No",72,"em","5","opaka-sim"
1,3,1,1e-10,1.01221e-10,45,45,72.6136,10,"No",72,"em","5","opaka-sim"
1,3,1,0.00826905,0.0197556,45,45,72.6136,15,"No",72,"em","5","opaka-sim"
1,3,1,0.0477682,0.0561767,45,45,72.6136,20,"No",72,"em","5","opaka-sim"
1,3,1,0.426448,0.34304,45,45,72.6136,25,"No",72,"em","5","opaka-sim"
1,3,1,0.237644,0.250753,45,45,72.6136,30,"No",72,"em","5","opaka-sim"
1,3,1,0.0246529,0.0655658,45,45,72.6136,35,"No",72,"em","5","opaka-sim"
1,3,1,0.0764029,0.0790995,45,45,72.6136,40,"No",72,"em","5","opaka-sim"
1,3,1,0.111228,0.0857021,45,45,72.6136,45,"No",72,"em","5","opaka-sim"
1,3,1,0.0355075,0.0631149,45,45,72.6136,50,"No",72,"em","5","opaka-sim"
1,3,1,0.00653416,0.022703,45,45,72.6136,55,"No",72,"em","5","opaka-sim"
1,3,1,0.0237773,0.00860281,45,45,72.6136,60,"No",72,"em","5","opaka-sim"
1,3,1,0.00176882,0.00427658,45,45,72.6136,65,"No",72,"em","5","opaka-sim"
1,3,1,2.03327e-08,0.00110215,45,45,72.6136,70,"No",72,"em","5","opaka-sim"
1,3,1,1.00401e-10,0.000106081,45,45,72.6136,75,"No",72,"em","5","opaka-sim"
1,3,1,1e-10,2.48878e-06,45,45,72.6136,80,"No",72,"em","5","opaka-sim"
1,3,1,1e-10,8.918e-09,45,45,72.6136,85,"No",72,"em","5","opaka-sim"
1,3,1,1e-10,1e-10,45,45,28.6349,5,"No",73,"em","5","opaka-sim"
1,3,1,1e-10,1.01107e-10,45,45,28.6349,10,"No",73,"em","5","opaka-sim"
1,3,1,0.0795821,0.0179202,45,45,28.6349,15,"No",73,"em","5","opaka-sim"
1,3,1,0.0176099,0.0488638,45,45,28.6349,20,"No",73,"em","5","opaka-sim"
1,3,1,0.0832599,0.121149,45,45,28.6349,25,"No",73,"em","5","opaka-sim"
1,3,1,0.246959,0.153958,45,45,28.6349,30,"No",73,"em","5","opaka-sim"
1,3,1,0.290201,0.389327,45,45,28.6349,35,"No",73,"em","5","opaka-sim"
1,3,1,0.155367,0.109028,45,45,28.6349,40,"No",73,"em","5","opaka-sim"
1,3,1,0.0349118,0.0570903,45,45,28.6349,45,"No",73,"em","5","opaka-sim"
1,3,1,0.0480023,0.0539496,45,45,28.6349,50,"No",73,"em","5","opaka-sim"
1,3,1,0.0260827,0.0306891,45,45,28.6349,55,"No",73,"em","5","opaka-sim"
1,3,1,0.0051908,0.0116668,45,45,28.6349,60,"No",73,"em","5","opaka-sim"
1,3,1,0.0021017,0.00497129,45,45,28.6349,65,"No",73,"em","5","opaka-sim"
1,3,1,0.0106594,0.00126022,45,45,28.6349,70,"No",73,"em","5","opaka-sim"
1,3,1,7.29481e-05,0.000123033,45,45,28.6349,75,"No",73,"em","5","opaka-sim"
1,3,1,1e-10,2.96746e-06,45,45,28.6349,80,"No",73,"em","5","opaka-sim"
1,3,1,1e-10,1.08509e-08,45,45,28.6349,85,"No",73,"em","5","opaka-sim"
1,3,1,1e-10,1e-10,45,45,92.2796,5,"No",74,"em","5","opaka-sim"
1,3,1,1e-10,1.02755e-10,45,45,92.2796,10,"No",74,"em","5","opaka-sim"
1,3,1,0.0752228,0.0445842,45,45,92.2796,15,"No",74,"em","5","opaka-sim"
1,3,1,0.161389,0.119495,45,45,92.2796,20,"No",74,"em","5","opaka-sim"
1,3,1,0.112902,0.112471,45,45,92.2796,25,"No",74,"em","5","opaka-sim"
1,3,1,0.103923,0.103983,45,45,92.2796,30,"No",74,"em","5","opaka-sim"
1,3,1,0.125129,0.171438,45,45,92.2796,35,"No",74,"em","5","opaka-sim"
1,3,1,0.265074,0.237081,45,45,92.2796,40,"No",74,"em","5","opaka-sim"
1,3,1,0.0665669,0.112875,45,45,92.2796,45,"No",74,"em","5","opaka-sim"
1,3,1,0.0702338,0.0421238,45,45,92.2796,50,"No",74,"em","5","opaka-sim"
1,3,1,0.00621294,0.0323813,45,45,92.2796,55,"No",74,"em","5","opaka-sim"
1,3,1,0.0079758,0.0158174,45,45,92.2796,60,"No",74,"em","5","opaka-sim"
1,3,1,0.00536232,0.00613953,45,45,92.2796,65,"No",74,"em","5","opaka-sim"
1,3,1,8.6895e-06,0.00146325,45,45,92.2796,70,"No",74,"em","5","opaka-sim"
1,3,1,1e-10,0.000142777,45,45,92.2796,75,"No",74,"em","5","opaka-sim"
1,3,1,1e-10,3.51532e-06,45,45,92.2796,80,"No",74,"em","5","opaka-sim"
1,3,1,1e-10,1.31416e-08,45,45,92.2796,85,"No",74,"em","5","opaka-sim"
1,3,1,1e-10,1e-10,45,45,79.6293,5,"No",75,"em","5","opaka-sim"
1,3,1,1e-10,1.0097e-10,45,45,79.6293,10,"No",75,"em","5","opaka-sim"
1,3,1,0.00142392,0.0157056,45,45,79.6293,15,"No",75,"em","5","opaka-sim"
1,3,1,0.037721,0.0444508,45,45,79.6293,20,"No",75,"em","5","opaka-sim"
1,3,1,0.291569,0.25372,45,45,79.6293,25,"No",75,"em","5","opaka-sim"
1,3,1,0.131494,0.199078,45,45,79.6293,30,"No",75,"em","5","opaka-sim"
1,3,1,0.150846,0.128618,45,45,79.6293,35,"No",75,"em","5","opaka-sim"
1,3,1,0.110475,0.115245,45,45,79.6293,40,"No",75,"em","5","opaka-sim"
1,3,1,0.172441,0.130681,45,45,79.6293,45,"No",75,"em","5","opaka-sim"
1,3,1,0.0238514,0.0583072,45,45,79.6293,50,"No",75,"em","5","opaka-sim"
1,3,1,0.017038,0.0278565,45,45,79.6293,55,"No",75,"em","5","opaka-sim"
1,3,1,0.0318523,0.0175118,45,45,79.6293,60,"No",75,"em","5","opaka-sim"
1,3,1,0.0306724,0.00708744,45,45,79.6293,65,"No",75,"em","5","opaka-sim"
1,3,1,0.000615804,0.00158432,45,45,79.6293,70,"No",75,"em","5","opaka-sim"
1,3,1,1e-10,0.000150293,45,45,79.6293,75,"No",75,"em","5","opaka-sim"
1,3,1,1e-10,3.73836e-06,45,45,79.6293,80,"No",75,"em","5","opaka-sim"
1,3,1,1e-10,1.42575e-08,45,45,79.6293,85,"No",75,"em","5","opaka-sim"
1,3,1,0.0588235,1e-10,10,10,5.90065,5,"No",69,"om","5","opaka-sim"
1,3,1,0.0588235,1.01101e-10,10,10,5.90065,10,"No",69,"om","5","opaka-sim"
1,3,1,0.0588235,0.0151872,10,10,5.90065,15,"No",69,"om","5","opaka-sim"
1,3,1,0.0588235,0.0505145,10,10,5.90065,20,"No",69,"om","5","opaka-sim"
1,3,1,0.0588235,0.172432,10,10,5.90065,25,"No",69,"om","5","opaka-sim"
1,3,1,0.0588235,0.172861,10,10,5.90065,30,"No",69,"om","5","opaka-sim"
1,3,1,0.0588235,0.323142,10,10,5.90065,35,"No",69,"om","5","opaka-sim"
1,3,1,0.0588235,0.158075,10,10,5.90065,40,"No",69,"om","5","opaka-sim"
1,3,1,0.0588235,0.0510104,10,10,5.90065,45,"No",69,"om","5","opaka-sim"
1,3,1,0.0588235,0.0179201,10,10,5.90065,50,"No",69,"om","5","opaka-sim"
1,3,1,0.0588235,0.0154663,10,10,5.90065,55,"No",69,"om","5","opaka-sim"
1,3,1,0.0588235,0.0133577,10,10,5.90065,60,"No",69,"om","5","opaka-sim"
1,3,1,0.0588235,0.00795354,10,10,5.90065,65,"No",69,"om","5","opaka-sim"
1,3,1,0.0588235,0.0019149,10,10,5.90065,70,"No",69,"om","5","opaka-sim"
1,3,1,0.0588235,0.000161999,10,10,5.90065,75,"No",69,"om","5","opaka-sim"
1,3,1,0.0588235,3.35529e-06,10,10,5.90065,80,"No",69,"om","5","opaka-sim"
1,3,1,0.0588235,1.10037e-08,10,10,5.90065,85,"No",69,"om","5","opaka-sim"
1,3,1,0.0588235,1e-10,10,10,6.33046,5,"No",70,"om","5","opaka-sim"
1,3,1,0.0588235,1.0049e-10,10,10,6.33046,10,"No",70,"om","5","opaka-sim"
1,3,1,0.0588235,0.00675984,10,10,6.33046,15,"No",70,"om","5","opaka-sim"
1,3,1,0.0588235,0.0229078,10,10,6.33046,20,"No",70,"om","5","opaka-sim"
1,3,1,0.0588235,0.115282,10,10,6.33046,25,"No",70,"om","5","opaka-sim"
1,3,1,0.0588235,0.116585,10,10,6.33046,30,"No",70,"om","5","opaka-sim"
1,3,1,0.0588235,0.242273,10,10,6.33046,35,"No",70,"om","5","opaka-sim"
1,3,1,0.0588235,0.28144,10,10,6.33046,40,"No",70,"om","5","opaka-sim"
1,3,1,0.0588235,0.143152,10,10,6.33046,45,"No",70,"om","5","opaka-sim"
1,3,1,0.0588235,0.0274113,10,10,6.33046,50,"No",70,"om","5","opaka-sim"
1,3,1,0.0588235,0.0164276,10,10,6.33046,55,"No",70,"om","5","opaka-sim"
1,3,1,0.0588235,0.015837,10,10,6.33046,60,"No",70,"om","5","opaka-sim"
1,3,1,0.0588235,0.00939532,10,10,6.33046,65,"No",70,"om","5","opaka-sim"
1,3,1,0.0588235,0.00232169,10,10,6.33046,70,"No",70,"om","5","opaka-sim"
1,3,1,0.0588235,0.000203418,10,10,6.33046,75,"No",70,"om","5","opaka-sim"
1,3,1,0.0588235,4.30949e-06,10,10,6.33046,80,"No",70,"om","5","opaka-sim"
1,3,1,0.0588235,1.42616e-08,10,10,6.33046,85,"No",70,"om","5","opaka-sim"
1,3,1,0.0588235,1e-10,10,10,9.76276,5,"No",71,"om","5","opaka-sim"
1,3,1,0.0588235,1.04066e-10,10,10,9.76276,10,"No",71,"om","5","opaka-sim"
1,3,1,0.0588235,0.0561003,10,10,9.76276,15,"No",71,"om","5","opaka-sim"
1,3,1,0.0588235,0.18013,10,10,9.76276,20,"No",71,"om","5","opaka-sim"
1,3,1,0.0588235,0.0488277,10,10,9.76276,25,"No",71,"om","5","opaka-sim"
1,3,1,0.0588235,0.0569718,10,10,9.76276,30,"No",71,"om","5","opaka-sim"
1,3,1,0.0588235,0.155037,10,10,9.76276,35,"No",71,"om","5","opaka-sim"
1,3,1,0.0588235,0.206261,10,10,9.76276,40,"No",71,"om","5","opaka-sim"
1,3,1,0.0588235,0.183977,10,10,9.76276,45,"No",71,"om","5","opaka-sim"
1,3,1,0.0588235,0.0615419,10,10,9.76276,50,"No",71,"om","5","opaka-sim"
1,3,1,0.0588235,0.020216,10,10,9.76276,55,"No",71,"om","5","opaka-sim"
1,3,1,0.0588235,0.0174059,10,10,9.76276,60,"No",71,"om","5","opaka-sim"
1,3,1,0.0588235,0.0106243,10,10,9.76276,65,"No",71,"om","5","opaka-sim"
1,3,1,0.0588235,0.00266315,10,10,9.76276,70,"No",71,"om","5","opaka-sim"
1,3,1,0.0588235,0.000240049,10,10,9.76276,75,"No",71,"om","5","opaka-sim"
1,3,1,0.0588235,5.23452e-06,10,10,9.76276,80,"No",71,"om","5","opaka-sim"
1,3,1,0.0588235,1.75742e-08,10,10,9.76276,85,"No",71,"om","5","opaka-sim"
1,3,1,0.0588235,1e-10,10,10,6.4196,5,"No",72,"om","5","opaka-sim"
1,3,1,0.0588235,1.0123e-10,10,10,6.4196,10,"No",72,"om","5","opaka-sim"
1,3,1,0.0588235,0.0169677,10,10,6.4196,15,"No",72,"om","5","opaka-sim"
1,3,1,0.0588235,0.0577948,10,10,6.4196,20,"No",72,"om","5","opaka-sim"
1,3,1,0.0588235,0.315836,10,10,6.4196,25,"No",72,"om","5","opaka-sim"
1,3,1,0.0588235,0.22916,10,10,6.4196,30,"No",72,"om","5","opaka-sim"
1,3,1,0.0588235,0.0549774,10,10,6.4196,35,"No",72,"om","5","opaka-sim"
1,3,1,0.0588235,0.0981661,10,10,6.4196,40,"No",72,"om","5","opaka-sim"
1,3,1,0.0588235,0.109702,10,10,6.4196,45,"No",72,"om","5","opaka-sim"
1,3,1,0.0588235,0.0636426,10,10,6.4196,50,"No",72,"om","5","opaka-sim"
1,3,1,0.0588235,0.0265477,10,10,6.4196,55,"No",72,"om","5","opaka-sim"
1,3,1,0.0588235,0.0154904,10,10,6.4196,60,"No",72,"om","5","opaka-sim"
1,3,1,0.0588235,0.0091579,10,10,6.4196,65,"No",72,"om","5","opaka-sim"
1,3,1,0.0588235,0.00233815,10,10,6.4196,70,"No",72,"om","5","opaka-sim"
1,3,1,0.0588235,0.000214553,10,10,6.4196,75,"No",72,"om","5","opaka-sim"
1,3,1,0.0588235,4.81839e-06,10,10,6.4196,80,"No",72,"om","5","opaka-sim"
1,3,1,0.0588235,1.6525e-08,10,10,6.4196,85,"No",72,"om","5","opaka-sim"
1,3,1,0.0588235,1e-10,10,10,5.97585,5,"No",73,"om","5","opaka-sim"
1,3,1,0.0588235,1.01056e-10,10,10,5.97585,10,"No",73,"om","5","opaka-sim"
1,3,1,0.0588235,0.0145718,10,10,5.97585,15,"No",73,"om","5","opaka-sim"
1,3,1,0.0588235,0.0479501,10,10,5.97585,20,"No",73,"om","5","opaka-sim"
1,3,1,0.0588235,0.11846,10,10,5.97585,25,"No",73,"om","5","opaka-sim"
1,3,1,0.0588235,0.143034,10,10,5.97585,30,"No",73,"om","5","opaka-sim"
1,3,1,0.0588235,0.364652,10,10,5.97585,35,"No",73,"om","5","opaka-sim"
1,3,1,0.0588235,0.120655,10,10,5.97585,40,"No",73,"om","5","opaka-sim"
1,3,1,0.0588235,0.0654728,10,10,5.97585,45,"No",73,"om","5","opaka-sim"
1,3,1,0.0588235,0.0550118,10,10,5.97585,50,"No",73,"om","5","opaka-sim"
1,3,1,0.0588235,0.0371939,10,10,5.97585,55,"No",73,"om","5","opaka-sim"
1,3,1,0.0588235,0.0201468,10,10,5.97585,60,"No",73,"om","5","opaka-sim"
1,3,1,0.0588235,0.0100531,10,10,5.97585,65,"No",73,"om","5","opaka-sim"
1,3,1,0.0588235,0.00255432,10,10,5.97585,70,"No",73,"om","5","opaka-sim"
1,3,1,0.0588235,0.000238019,10,10,5.97585,75,"No",73,"om","5","opaka-sim"
1,3,1,0.0588235,5.47267e-06,10,10,5.97585,80,"No",73,"om","5","opaka-sim"
1,3,1,0.0588235,1.92054e-08,10,10,5.97585,85,"No",73,"om","5","opaka-sim"
1,3,1,0.0588235,1e-10,10,10,10.2608,5,"No",74,"om","5","opaka-sim"
1,3,1,0.0588235,1.03009e-10,10,10,10.2608,10,"No",74,"om","5","opaka-sim"
1,3,1,0.0588235,0.0415166,10,10,10.2608,15,"No",74,"om","5","opaka-sim"
1,3,1,0.0588235,0.133963,10,10,10.2608,20,"No",74,"om","5","opaka-sim"
1,3,1,0.0588235,0.0961172,10,10,10.2608,25,"No",74,"om","5","opaka-sim"
1,3,1,0.0588235,0.0887711,10,10,10.2608,30,"No",74,"om","5","opaka-sim"
1,3,1,0.0588235,0.155366,10,10,10.2608,35,"No",74,"om","5","opaka-sim"
1,3,1,0.0588235,0.252598,10,10,10.2608,40,"No",74,"om","5","opaka-sim"
1,3,1,0.0588235,0.119155,10,10,10.2608,45,"No",74,"om","5","opaka-sim"
1,3,1,0.0588235,0.037106,10,10,10.2608,50,"No",74,"om","5","opaka-sim"
1,3,1,0.0588235,0.0366926,10,10,10.2608,55,"No",74,"om","5","opaka-sim"
1,3,1,0.0588235,0.0249456,10,10,10.2608,60,"No",74,"om","5","opaka-sim"
1,3,1,0.0588235,0.0109219,10,10,10.2608,65,"No",74,"om","5","opaka-sim"
1,3,1,0.0588235,0.00259726,10,10,10.2608,70,"No",74,"om","5","opaka-sim"
1,3,1,0.0588235,0.000243483,10,10,10.2608,75,"No",74,"om","5","opaka-sim"
1,3,1,0.0588235,5.69955e-06,10,10,10.2608,80,"No",74,"om","5","opaka-sim"
1,3,1,0.0588235,2.04443e-08,10,10,10.2608,85,"No",74,"om","5","opaka-sim"
1,3,1,0.0588235,1e-10,10,10,9.39713,5,"No",75,"om","5","opaka-sim"
1,3,1,0.0588235,1.01628e-10,10,10,9.39713,10,"No",75,"om","5","opaka-sim"
1,3,1,0.0588235,0.0224632,10,10,9.39713,15,"No",75,"om","5","opaka-sim"
1,3,1,0.0588235,0.0746655,10,10,9.39713,20,"No",75,"om","5","opaka-sim"
1,3,1,0.0588235,0.250278,10,10,9.39713,25,"No",75,"om","5","opaka-sim"
1,3,1,0.0588235,0.191417,10,10,9.39713,30,"No",75,"om","5","opaka-sim"
1,3,1,0.0588235,0.104666,10,10,9.39713,35,"No",75,"om","5","opaka-sim"
1,3,1,0.0588235,0.117115,10,10,9.39713,40,"No",75,"om","5","opaka-sim"
1,3,1,0.0588235,0.124689,10,10,9.39713,45,"No",75,"om","5","opaka-sim"
1,3,1,0.0588235,0.0465718,10,10,9.39713,50,"No",75,"om","5","opaka-sim"
1,3,1,0.0588235,0.0285554,10,10,9.39713,55,"No",75,"om","5","opaka-sim"
1,3,1,0.0588235,0.0254509,10,10,9.39713,60,"No",75,"om","5","opaka-sim"
1,3,1,0.0588235,0.0113984,10,10,9.39713,65,"No",75,"om","5","opaka-sim"
1,3,1,0.0588235,0.00249748,10,10,9.39713,70,"No",75,"om","5","opaka-sim"
1,3,1,0.0588235,0.000227676,10,10,9.39713,75,"No",75,"om","5","opaka-sim"
1,3,1,0.0588235,5.39424e-06,10,10,9.39713,80,"No",75,"om","5","opaka-sim"
1,3,1,0.0588235,1.97061e-08,10,10,9.39713,85,"No",75,"om","5","opaka-sim"
