"Value.SSB","StdDev.SSB","Value.Recr","StdDev.Recr","Value.SPRratio","StdDev.SPRratio","Value.F","StdDev.F","Value.Bratio","StdDev.Bratio","Value.lnSPB","StdDev.lnSPB","year","model_run","iteration","scenario"
3489.87,405.625,277.714,143.073,0.317091,0.0272272,0.0405117,0.0046664,NA,NA,8.15762,0.116229,"1","em","1","opaka-sim"
3392.48,405.631,281.796,144.569,0.351401,0.0298066,0.0465519,0.00552239,0.84522,0.0160236,NA,NA,"2","em","1","opaka-sim"
3281.59,405.727,253.615,126.337,0.335435,0.030019,0.0435398,0.00538189,0.817593,0.0188131,NA,NA,"3","em","1","opaka-sim"
3194.99,407.332,239.85,116.874,0.171182,0.0191003,0.0188361,0.00243302,0.796017,0.0215815,NA,NA,"4","em","1","opaka-sim"
3222.56,429.542,226.859,108.091,0.354102,0.0336508,0.0470554,0.00620288,0.802887,0.0348634,NA,NA,"5","em","1","opaka-sim"
3165.33,450.422,218.457,102.525,0.254294,0.0284248,0.0304437,0.00419236,0.788627,0.0464027,NA,NA,"6","em","1","opaka-sim"
3155.12,461.045,213.544,99.3817,0.375808,0.0373318,0.051391,0.00719969,0.786084,0.0521798,NA,NA,"7","em","1","opaka-sim"
3065.1,462.714,202.379,93.2036,0.437123,0.0412449,0.0644281,0.00929063,0.763655,0.0555499,NA,NA,"8","em","1","opaka-sim"
2928.08,457.978,198.754,91.6568,0.39198,0.0405116,0.0546145,0.00814738,0.729518,0.0573143,NA,NA,"9","em","1","opaka-sim"
2824.93,449.159,234.255,113.174,0.442833,0.0434275,0.0656971,0.00998004,0.703819,0.0572991,NA,NA,"10","em","1","opaka-sim"
2692.5,438.363,270.464,136.798,0.411413,0.0431399,0.058548,0.00912176,0.670823,0.0570438,NA,NA,"11","em","1","opaka-sim"
2585.13,427.93,308.878,161.928,0.435813,0.0449162,0.0636132,0.0100216,0.644073,0.0565839,NA,NA,"12","em","1","opaka-sim"
2473.7,418.598,282.798,147.246,0.398855,0.0437112,0.0552488,0.00875327,0.61631,0.0564456,NA,NA,"13","em","1","opaka-sim"
2421.74,410.952,268.778,137.888,0.407466,0.0437515,0.0568857,0.00889256,0.603366,0.0558614,NA,NA,"14","em","1","opaka-sim"
2408.72,405.039,268.412,136.722,0.483958,0.0457396,0.0748815,0.0115111,0.600122,0.0552347,NA,NA,"15","em","1","opaka-sim"
2389.15,398.948,277.405,140.928,0.469206,0.0452521,0.0713865,0.0109759,0.595246,0.0545279,NA,NA,"16","em","1","opaka-sim"
2381.42,395.331,245.096,120.522,0.475911,0.0452736,0.0731692,0.0111805,0.59332,0.0541382,NA,NA,"17","em","1","opaka-sim"
2366.08,392.192,229.825,110.727,0.45874,0.0444927,0.0689933,0.0104692,0.589498,0.0537756,NA,NA,"18","em","1","opaka-sim"
2364.3,387.646,224.912,107.43,0.47872,0.044394,0.0742061,0.0111397,0.589055,0.0527382,NA,NA,"19","em","1","opaka-sim"
2353.62,380.299,261.576,128.135,0.504538,0.0447644,0.0812209,0.0121634,0.586394,0.0509946,NA,NA,"20","em","1","opaka-sim"
2306.62,374.022,257.847,125.627,0.53064,0.0455093,0.0886176,0.0133218,0.574682,0.050185,NA,NA,"21","em","1","opaka-sim"
2229.3,367.991,237.919,113.62,0.539531,0.0462176,0.0908924,0.0137191,0.55542,0.0499416,NA,NA,"22","em","1","opaka-sim"
2148.67,361.023,223.368,104.747,0.539682,0.046166,0.0908295,0.0136776,0.535332,0.0495848,NA,NA,"23","em","1","opaka-sim"
2097.3,349.613,213.916,98.9278,0.561144,0.0457208,0.097806,0.014617,0.522533,0.0477812,NA,NA,"24","em","1","opaka-sim"
2040.41,336.835,205.606,94.1187,0.566901,0.0454939,0.0998961,0.0149096,0.508358,0.0457848,NA,NA,"25","em","1","opaka-sim"
1976.51,325.062,227.469,105.733,0.59124,0.0453888,0.108519,0.0162387,0.492439,0.0440848,NA,NA,"26","em","1","opaka-sim"
1891.61,314.401,203.539,93.5592,0.58729,0.0460473,0.106689,0.0161568,0.471286,0.0428516,NA,NA,"27","em","1","opaka-sim"
1812.58,305.226,222.973,104.773,0.56195,0.0467113,0.0977132,0.0149396,0.451596,0.0419072,NA,NA,"28","em","1","opaka-sim"
1756.45,297.302,234.315,112.397,0.574059,0.0465599,0.101784,0.015568,0.437612,0.0409619,NA,NA,"29","em","1","opaka-sim"
1710.12,288.924,257.214,126.627,0.566856,0.0469519,0.0990396,0.0152084,0.426067,0.0397535,NA,NA,"30","em","1","opaka-sim"
1666.45,284.301,248.939,123.966,0.570621,0.0470428,0.099927,0.015293,0.415187,0.0395519,NA,NA,"31","em","1","opaka-sim"
1637.54,280.434,295.247,151.244,0.589379,0.0468056,0.106145,0.0161303,0.407986,0.0392927,NA,NA,"32","em","1","opaka-sim"
1614.23,277.719,241.106,121.558,0.614013,0.0462894,0.115192,0.0173619,0.402177,0.0392768,NA,NA,"33","em","1","opaka-sim"
1595.6,275.522,288.538,152.752,0.637246,0.0458996,0.124498,0.018717,0.397536,0.0393635,NA,NA,"34","em","1","opaka-sim"
1569.12,275.259,312.911,172.64,0.633229,0.0459038,0.123238,0.0187096,0.390938,0.0399095,NA,NA,"35","em","1","opaka-sim"
1575.01,273.065,323.334,183.029,0.608119,0.047209,0.112638,0.0172513,0.392407,0.0393911,NA,NA,"36","em","1","opaka-sim"
1581.36,278.696,355.702,200.238,0.605092,0.0472812,0.111127,0.016941,0.393989,0.0408849,NA,NA,"37","em","1","opaka-sim"
1615.35,285.096,297.042,159.367,0.643368,0.0462392,0.1264,0.0189798,0.402457,0.0420331,7.38731,0.176492,"38","em","1","opaka-sim"
1639.57,293.394,219.78,107.229,0.642396,0.0462973,0.126187,0.0187575,0.40849,0.0439155,NA,NA,"39","em","1","opaka-sim"
1676.7,300.321,223.178,107.715,0.595091,0.045838,0.108769,0.0160399,0.417741,0.045284,NA,NA,"40","em","1","opaka-sim"
1765.25,295.677,245.943,119.45,0.620242,0.0440164,0.119819,0.0174815,0.439803,0.0426348,NA,NA,"41","em","1","opaka-sim"
1790.5,292.155,250.494,121.122,0.633287,0.0444699,0.125236,0.018517,0.446094,0.0406953,NA,NA,"42","em","1","opaka-sim"
1744.69,294.524,232.605,110.532,0.579768,0.046575,0.103929,0.0156734,0.434682,0.0415619,NA,NA,"43","em","1","opaka-sim"
1728.4,294.904,232.784,108.582,0.601863,0.0461724,0.111678,0.0166993,0.430622,0.0416042,NA,NA,"44","em","1","opaka-sim"
1704.95,291.116,191.329,85.1295,0.571021,0.046009,0.100671,0.0149181,0.424781,0.0409239,NA,NA,"45","em","1","opaka-sim"
1706.4,283.824,164.656,70.3595,0.670178,0.0429391,0.141389,0.0203849,0.42514,0.039365,NA,NA,"46","em","1","opaka-sim"
1620.98,273.724,150.782,62.9684,0.607769,0.0446745,0.114665,0.0168096,0.403858,0.0383071,NA,NA,"47","em","1","opaka-sim"
1589.92,259.044,149.453,61.8082,0.589644,0.0441997,0.108295,0.0157906,0.396121,0.0354447,NA,NA,"48","em","1","opaka-sim"
1548.06,246.982,170.98,72.0411,0.60988,0.0436929,0.116011,0.0169192,0.385692,0.0335117,NA,NA,"49","em","1","opaka-sim"
1473.36,236.779,184.764,78.8402,0.59472,0.0446343,0.109832,0.0163584,0.367082,0.0324791,NA,NA,"50","em","1","opaka-sim"
1400.61,228.446,177.33,76.0641,0.592896,0.0459716,0.108375,0.0164666,0.348954,0.0318221,NA,NA,"51","em","1","opaka-sim"
1333.59,226.181,151.006,63.6497,0.538571,0.0471447,0.0899082,0.0139094,0.332259,0.0319123,NA,NA,"52","em","1","opaka-sim"
1314.19,224.283,154.642,66.7517,0.537438,0.0469572,0.0897642,0.013906,0.327423,0.0313921,NA,NA,"53","em","1","opaka-sim"
1310.75,221.82,175.745,77.1256,0.547519,0.0470886,0.0932632,0.0145941,0.326567,0.030551,NA,NA,"54","em","1","opaka-sim"
1302.22,221.298,383.267,110.846,0.518803,0.0478795,0.084571,0.0135292,0.324443,0.0302328,NA,NA,"55","em","1","opaka-sim"
1292.48,224.341,144.953,63.0322,0.482135,0.0481379,0.0730441,0.0117014,0.322016,0.0308031,NA,NA,"56","em","1","opaka-sim"
1298.24,228.726,203.989,81.0544,0.471817,0.0474206,0.0696189,0.0109255,0.32345,0.0314215,NA,NA,"57","em","1","opaka-sim"
1338.7,233.96,142.128,59.7948,0.454832,0.0445562,0.0676627,0.010413,0.33353,0.0318203,NA,NA,"58","em","1","opaka-sim"
1497.33,242.366,164.024,70.1473,0.441188,0.0435932,0.0649201,0.00990133,0.373052,0.0323978,NA,NA,"59","em","1","opaka-sim"
1548.23,250.746,157.759,67.1001,0.433297,0.0430602,0.0635477,0.00969665,0.385734,0.0338092,NA,NA,"60","em","1","opaka-sim"
1597.56,257.063,156.553,64.2646,0.430428,0.0434074,0.0627368,0.00964536,0.398024,0.0341308,NA,NA,"61","em","1","opaka-sim"
1604.2,262.421,394.69,104.034,0.425403,0.043714,0.0615016,0.00958397,0.399679,0.0348313,NA,NA,"62","em","1","opaka-sim"
1607.32,265.874,198.826,67.191,0.418928,0.0441502,0.0591368,0.00929021,0.400456,0.0349856,NA,NA,"63","em","1","opaka-sim"
1603.3,269.72,259.183,68.2708,0.385735,0.0428234,0.0513526,0.00806167,0.399455,0.0354783,NA,NA,"64","em","1","opaka-sim"
1627.26,275.301,114.911,34.0214,0.395379,0.0423747,0.0542697,0.00844134,0.405423,0.0360553,NA,NA,"65","em","1","opaka-sim"
1780.47,291.216,268.109,51.633,0.361438,0.0402388,0.0481526,0.00748715,0.443595,0.0378883,NA,NA,"66","em","1","opaka-sim"
1866.56,303.5,130.068,28.5306,0.338405,0.038485,0.0443564,0.0068954,0.465043,0.0395134,NA,NA,"67","em","1","opaka-sim"
1960.52,314.874,314.03,54.5665,0.367233,0.0405113,0.0493801,0.00768722,0.488453,0.0403977,NA,NA,"68","em","1","opaka-sim"
1960.7,319.659,470.861,79.8017,0.371307,0.0410477,0.0502193,0.0078886,0.4885,0.04116,NA,NA,"69","em","1","opaka-sim"
2011.26,329.543,471.87,84.0584,0.359903,0.0409092,0.0468765,0.00741549,0.501096,0.0418102,NA,NA,"70","em","1","opaka-sim"
2006.53,333.89,299.739,61.2776,0.364341,0.0412893,0.0469247,0.00742342,0.499918,0.0422601,NA,NA,"71","em","1","opaka-sim"
2108.53,351.305,230.784,53.7167,0.322452,0.0382659,0.0401145,0.00636569,0.525329,0.0435119,NA,NA,"72","em","1","opaka-sim"
2355.77,387.581,147.923,42.0078,0.383629,0.0422989,0.0524755,0.00837596,0.586928,0.046524,NA,NA,"73","em","1","opaka-sim"
2592.9,432.263,120.083,45.9026,0.377365,0.0430647,0.052035,0.00854738,0.646008,0.0521072,NA,NA,"74","em","1","opaka-sim"
2718.89,467.034,254.434,132.474,0.370826,0.0442391,0.0511634,0.00871654,0.6774,0.0578777,7.90798,0.171774,"75","em","1","opaka-sim"
2621.05,NA,128.314,NA,0.388277,NA,0.0537546,NA,NA,NA,7.87133,NA,"1","om","1","opaka-sim"
2523.44,NA,286.797,NA,0.429656,NA,0.0626756,NA,0.801982,NA,NA,NA,"2","om","1","opaka-sim"
2411.75,NA,364.922,NA,0.415782,NA,0.0595139,NA,0.766485,NA,NA,NA,"3","om","1","opaka-sim"
2314.94,NA,156.221,NA,0.226404,NA,0.0259086,NA,0.735716,NA,NA,NA,"4","om","1","opaka-sim"
2282.01,NA,317.066,NA,0.44275,NA,0.0643667,NA,0.725252,NA,NA,NA,"5","om","1","opaka-sim"
2256.83,NA,84.8546,NA,0.321441,NA,0.0409583,NA,0.717248,NA,NA,NA,"6","om","1","opaka-sim"
2358.45,NA,313.048,NA,0.451106,NA,0.0673204,NA,0.749543,NA,NA,NA,"7","om","1","opaka-sim"
2301.69,NA,140.518,NA,0.51183,NA,0.0837247,NA,0.731506,NA,NA,NA,"8","om","1","opaka-sim"
2262.82,NA,100.236,NA,0.463942,NA,0.0703822,NA,0.719151,NA,NA,NA,"9","om","1","opaka-sim"
2154.96,NA,242.777,NA,0.511993,NA,0.0839175,NA,0.684872,NA,NA,NA,"10","om","1","opaka-sim"
2116.89,NA,260.457,NA,0.478639,NA,0.074904,NA,0.672775,NA,NA,NA,"11","om","1","opaka-sim"
2023.49,NA,104.309,NA,0.507589,NA,0.0813924,NA,0.64309,NA,NA,NA,"12","om","1","opaka-sim"
1886.52,NA,226.183,NA,0.470926,NA,0.0716634,NA,0.599561,NA,NA,NA,"13","om","1","opaka-sim"
1859.02,NA,228.607,NA,0.480099,NA,0.0747158,NA,0.59082,NA,NA,NA,"14","om","1","opaka-sim"
1852.43,NA,138.795,NA,0.570554,NA,0.100687,NA,0.588725,NA,NA,NA,"15","om","1","opaka-sim"
1721.99,NA,272.052,NA,0.565002,NA,0.0987569,NA,0.547269,NA,NA,NA,"16","om","1","opaka-sim"
1662.87,NA,446.418,NA,0.580296,NA,0.104202,NA,0.52848,NA,NA,NA,"17","om","1","opaka-sim"
1613.2,NA,209.549,NA,0.572303,NA,0.0990526,NA,0.512696,NA,NA,NA,"18","om","1","opaka-sim"
1540.26,NA,175.421,NA,0.593033,NA,0.104993,NA,0.489514,NA,NA,NA,"19","om","1","opaka-sim"
1549.84,NA,154.7,NA,0.603926,NA,0.112147,NA,0.492559,NA,NA,NA,"20","om","1","opaka-sim"
1661.81,NA,257.535,NA,0.620054,NA,0.120525,NA,0.528143,NA,NA,NA,"21","om","1","opaka-sim"
1645.84,NA,298.327,NA,0.626836,NA,0.123186,NA,0.523069,NA,NA,NA,"22","om","1","opaka-sim"
1575.84,NA,229.361,NA,0.630656,NA,0.122559,NA,0.500822,NA,NA,NA,"23","om","1","opaka-sim"
1491.46,NA,92.415,NA,0.649523,NA,0.129709,NA,0.474004,NA,NA,NA,"24","om","1","opaka-sim"
1458.49,NA,250.185,NA,0.649054,NA,0.13146,NA,0.463525,NA,NA,NA,"25","om","1","opaka-sim"
1464.63,NA,118.235,NA,0.672145,NA,0.144136,NA,0.465477,NA,NA,NA,"26","om","1","opaka-sim"
1413.46,NA,206.617,NA,0.673747,NA,0.143047,NA,0.449216,NA,NA,NA,"27","om","1","opaka-sim"
1295.89,NA,295.507,NA,0.651393,NA,0.132906,NA,0.41185,NA,NA,NA,"28","om","1","opaka-sim"
1266.64,NA,400.342,NA,0.670162,NA,0.139275,NA,0.402555,NA,NA,NA,"29","om","1","opaka-sim"
1178.94,NA,205.705,NA,0.665407,NA,0.133334,NA,0.374683,NA,NA,NA,"30","om","1","opaka-sim"
1151.2,NA,132.943,NA,0.656862,NA,0.129129,NA,0.365865,NA,NA,NA,"31","om","1","opaka-sim"
1208.12,NA,152.761,NA,0.652891,NA,0.132366,NA,0.383955,NA,NA,NA,"32","om","1","opaka-sim"
1328.39,NA,232.914,NA,0.668323,NA,0.142607,NA,0.42218,NA,NA,NA,"33","om","1","opaka-sim"
1327.77,NA,268.896,NA,0.697331,NA,0.156928,NA,0.42198,NA,NA,NA,"34","om","1","opaka-sim"
1237.19,NA,422.208,NA,0.707299,NA,0.159183,NA,0.393194,NA,NA,NA,"35","om","1","opaka-sim"
1147.85,NA,121.49,NA,0.692117,NA,0.147004,NA,0.364802,NA,NA,NA,"36","om","1","opaka-sim"
1128.3,NA,171.404,NA,0.690263,NA,0.145792,NA,0.358587,NA,NA,NA,"37","om","1","opaka-sim"
1161.19,NA,489.822,NA,0.718884,NA,0.16891,NA,0.369041,NA,7.0572,NA,"38","om","1","opaka-sim"
1241.25,NA,187.922,NA,0.728453,NA,0.171817,NA,0.394484,NA,NA,NA,"39","om","1","opaka-sim"
1161.93,NA,107.95,NA,0.701601,NA,0.150825,NA,0.369275,NA,NA,NA,"40","om","1","opaka-sim"
1133.65,NA,264.538,NA,0.717637,NA,0.167034,NA,0.360287,NA,NA,NA,"41","om","1","opaka-sim"
1249.92,NA,320.114,NA,0.727223,NA,0.175446,NA,0.397239,NA,NA,NA,"42","om","1","opaka-sim"
1209.54,NA,347.496,NA,0.687456,NA,0.147596,NA,0.384407,NA,NA,NA,"43","om","1","opaka-sim"
1141.24,NA,188.863,NA,0.70709,NA,0.155307,NA,0.362701,NA,NA,NA,"44","om","1","opaka-sim"
1140,NA,150.79,NA,0.666997,NA,0.135568,NA,0.362305,NA,NA,NA,"45","om","1","opaka-sim"
1220.34,NA,161.672,NA,0.740874,NA,0.182907,NA,0.387838,NA,NA,NA,"46","om","1","opaka-sim"
1245.86,NA,128.908,NA,0.677485,NA,0.146741,NA,0.395949,NA,NA,NA,"47","om","1","opaka-sim"
1235.34,NA,123.124,NA,0.660007,NA,0.13805,NA,0.392607,NA,NA,NA,"48","om","1","opaka-sim"
1193.87,NA,65.9822,NA,0.680502,NA,0.148428,NA,0.379427,NA,NA,NA,"49","om","1","opaka-sim"
1131.57,NA,120.885,NA,0.66981,NA,0.143213,NA,0.359626,NA,NA,NA,"50","om","1","opaka-sim"
1059.71,NA,195.666,NA,0.674949,NA,0.146021,NA,0.336788,NA,NA,NA,"51","om","1","opaka-sim"
978.687,NA,133.307,NA,0.64045,NA,0.126902,NA,0.311039,NA,NA,NA,"52","om","1","opaka-sim"
894.501,NA,281.587,NA,0.650852,NA,0.129261,NA,0.284283,NA,NA,NA,"53","om","1","opaka-sim"
845.824,NA,66.8502,NA,0.662932,NA,0.133947,NA,0.268813,NA,NA,NA,"54","om","1","opaka-sim"
845.513,NA,249.517,NA,0.63305,NA,0.120273,NA,0.268714,NA,NA,NA,"55","om","1","opaka-sim"
852.898,NA,190.375,NA,0.57954,NA,0.103049,NA,0.271061,NA,NA,NA,"56","om","1","opaka-sim"
948.472,NA,121.654,NA,0.566063,NA,0.0965917,NA,0.301436,NA,NA,NA,"57","om","1","opaka-sim"
952.862,NA,226.762,NA,0.555338,NA,0.0946223,NA,0.302831,NA,NA,NA,"58","om","1","opaka-sim"
1036.61,NA,119.8,NA,0.537437,NA,0.0898804,NA,0.329447,NA,NA,NA,"59","om","1","opaka-sim"
1099.45,NA,127.845,NA,0.528829,NA,0.0867746,NA,0.349418,NA,NA,NA,"60","om","1","opaka-sim"
1121.21,NA,145.822,NA,0.518433,NA,0.0850459,NA,0.356336,NA,NA,NA,"61","om","1","opaka-sim"
1183.97,NA,220.921,NA,0.509969,NA,0.0826421,NA,0.376279,NA,NA,NA,"62","om","1","opaka-sim"
1190.49,NA,222.07,NA,0.501256,NA,0.0793514,NA,0.378352,NA,NA,NA,"63","om","1","opaka-sim"
1187.06,NA,176.685,NA,0.466814,NA,0.069473,NA,0.377262,NA,NA,NA,"64","om","1","opaka-sim"
1206.54,NA,130.035,NA,0.48428,NA,0.0739949,NA,0.383453,NA,NA,NA,"65","om","1","opaka-sim"
1266.09,NA,250.22,NA,0.447177,NA,0.0659502,NA,0.402378,NA,NA,NA,"66","om","1","opaka-sim"
1345.36,NA,117.857,NA,0.422898,NA,0.0606433,NA,0.42757,NA,NA,NA,"67","om","1","opaka-sim"
1400.09,NA,228.557,NA,0.452558,NA,0.0669539,NA,0.444964,NA,NA,NA,"68","om","1","opaka-sim"
1413.66,NA,324.838,NA,0.454803,NA,0.0680483,NA,0.44928,NA,NA,NA,"69","om","1","opaka-sim"
1474.98,NA,368.002,NA,0.439047,NA,0.0632359,NA,0.468767,NA,NA,NA,"70","om","1","opaka-sim"
1480.32,NA,195.148,NA,0.446818,NA,0.0639456,NA,0.470463,NA,NA,NA,"71","om","1","opaka-sim"
1539.45,NA,112.752,NA,0.402923,NA,0.0550253,NA,0.489256,NA,NA,NA,"72","om","1","opaka-sim"
1691.17,NA,72.2551,NA,0.474897,NA,0.073294,NA,0.537475,NA,NA,NA,"73","om","1","opaka-sim"
1839.29,NA,71.9837,NA,0.473844,NA,0.0743246,NA,0.584549,NA,NA,NA,"74","om","1","opaka-sim"
1875.83,NA,123.582,NA,0.479028,NA,0.0759872,NA,0.596161,NA,7.53681,NA,"75","om","1","opaka-sim"
2936.48,252.204,219.89,111.437,0.39757,0.0228732,0.0556582,0.00472952,NA,NA,7.98497,0.0858865,"1","em","2","opaka-sim"
2815.3,252.206,255.83,136.03,0.205706,0.015253,0.0234466,0.00207953,0.814506,0.013932,NA,NA,"2","em","2","opaka-sim"
2800.19,252.29,275.066,150.349,0.283648,0.0195863,0.0348644,0.0031524,0.810133,0.014259,NA,NA,"3","em","2","opaka-sim"
2755.87,253.183,279.595,154.439,0.334837,0.0229623,0.0433164,0.00410071,0.797311,0.0156707,NA,NA,"4","em","2","opaka-sim"
2699.49,271.27,259.89,140.641,0.402692,0.0275999,0.0562224,0.00565737,0.781001,0.0302326,NA,NA,"5","em","2","opaka-sim"
2639.66,296.893,251.914,134.881,0.309228,0.0257987,0.0388112,0.00417385,0.763691,0.0444821,NA,NA,"6","em","2","opaka-sim"
2659.84,317.76,273.407,150.064,0.434968,0.0323118,0.0634388,0.00705869,0.769529,0.0536956,NA,NA,"7","em","2","opaka-sim"
2623.48,329.553,261.41,141.857,0.457683,0.0344044,0.0688338,0.00798442,0.759007,0.059115,NA,NA,"8","em","2","opaka-sim"
2569.91,335.134,297.725,167.685,0.436336,0.0348426,0.0637581,0.00761991,0.743511,0.0621469,NA,NA,"9","em","2","opaka-sim"
2533.25,336.339,241.25,128.134,0.507106,0.0367992,0.0814737,0.00981987,0.732903,0.0633652,NA,NA,"10","em","2","opaka-sim"
2464.64,333.962,238.214,126.555,0.451853,0.0361868,0.0672377,0.00823653,0.713054,0.0635709,NA,NA,"11","em","2","opaka-sim"
2442.35,330.937,333.368,195.537,0.455938,0.0358538,0.0684897,0.00840221,0.706605,0.0631467,NA,NA,"12","em","2","opaka-sim"
2439.96,324.527,295.103,169.175,0.50663,0.0371475,0.0814233,0.00996834,0.705914,0.061314,NA,NA,"13","em","2","opaka-sim"
2376.92,324.283,278.236,155.105,0.513913,0.0378555,0.0828581,0.0101322,0.687676,0.0623085,NA,NA,"14","em","2","opaka-sim"
2314.12,322.841,256.6,138.46,0.510855,0.0372475,0.0821292,0.00996037,0.669506,0.0627575,NA,NA,"15","em","2","opaka-sim"
2314.47,315.043,245.403,129.869,0.503859,0.0365869,0.0804926,0.00965308,0.669609,0.060816,NA,NA,"16","em","2","opaka-sim"
2315.11,309.102,260.401,140.219,0.533508,0.0363616,0.0893236,0.010595,0.669792,0.0594291,NA,NA,"17","em","2","opaka-sim"
2283.4,301.935,287.819,159.221,0.567789,0.0364562,0.100327,0.0118963,0.660619,0.0576921,NA,NA,"18","em","2","opaka-sim"
2211.38,295.882,280.513,153.943,0.583402,0.0369343,0.105341,0.0125574,0.639782,0.0566649,NA,NA,"19","em","2","opaka-sim"
2124.25,290.664,257.374,136.888,0.610775,0.0370243,0.115037,0.0136867,0.614575,0.0561424,NA,NA,"20","em","2","opaka-sim"
2032.51,283.679,263.522,138.279,0.625253,0.0367218,0.120789,0.0143342,0.588033,0.055258,NA,NA,"21","em","2","opaka-sim"
1959.11,272.805,231.859,115.998,0.64246,0.0361484,0.128262,0.0151284,0.566797,0.0532556,NA,NA,"22","em","2","opaka-sim"
1882.4,261.137,206.097,98.7077,0.636804,0.0361609,0.125869,0.0147337,0.544604,0.0510953,NA,NA,"23","em","2","opaka-sim"
1812.99,249.845,169.856,77.323,0.651195,0.0350145,0.132751,0.0153078,0.524522,0.0489152,NA,NA,"24","em","2","opaka-sim"
1741.2,233.644,153.902,68.7953,0.660106,0.034298,0.137496,0.0158221,0.503752,0.0451065,NA,NA,"25","em","2","opaka-sim"
1653.42,219.165,160.967,74.0651,0.659794,0.0344745,0.137867,0.016182,0.478356,0.0417531,NA,NA,"26","em","2","opaka-sim"
1557.05,207.702,232.393,124.651,0.62588,0.0364515,0.122349,0.0149793,0.450477,0.0391894,NA,NA,"27","em","2","opaka-sim"
1473.63,202.095,433.448,223.399,0.631785,0.0380367,0.123828,0.0157979,0.42634,0.0383725,NA,NA,"28","em","2","opaka-sim"
1381.12,200.755,257.104,146.481,0.662441,0.0396158,0.133952,0.0172738,0.399577,0.0390113,NA,NA,"29","em","2","opaka-sim"
1286.24,203.556,260.87,139.573,0.62137,0.0417456,0.11396,0.014412,0.372128,0.0409768,NA,NA,"30","em","2","opaka-sim"
1293.43,209.885,177.154,83.1729,0.586868,0.0383185,0.10392,0.0124276,0.374207,0.0432722,NA,NA,"31","em","2","opaka-sim"
1444.6,204.188,148.781,64.9736,0.628543,0.0355083,0.12185,0.0135974,0.417943,0.0421636,NA,NA,"32","em","2","opaka-sim"
1493.34,201.393,139.401,59.1887,0.651859,0.0323795,0.134033,0.0143616,0.432043,0.0411926,NA,NA,"33","em","2","opaka-sim"
1496.75,182.76,140.943,59.6009,0.680324,0.0309635,0.148869,0.0158333,0.43303,0.0349216,NA,NA,"34","em","2","opaka-sim"
1417.47,173.89,158.499,68.6791,0.693933,0.0313963,0.155851,0.0170368,0.410094,0.0326761,NA,NA,"35","em","2","opaka-sim"
1301.25,166.905,154.228,68.0278,0.695171,0.0329373,0.155435,0.0177285,0.376469,0.0314533,NA,NA,"36","em","2","opaka-sim"
1184.34,160.336,202.784,96.4603,0.737675,0.032704,0.180163,0.0214449,0.342645,0.0305424,NA,NA,"37","em","2","opaka-sim"
1049.26,153.883,254.097,130.23,0.674548,0.0377229,0.141881,0.0180288,0.303564,0.0299868,6.95584,0.146659,"38","em","2","opaka-sim"
992.226,148.709,280.296,139.556,0.694254,0.037967,0.149788,0.0191009,0.287065,0.0292509,NA,NA,"39","em","2","opaka-sim"
940.847,147.56,174.816,83.0606,0.692354,0.0383937,0.146651,0.0182162,0.2722,0.0297246,NA,NA,"40","em","2","opaka-sim"
935.483,148.769,143.912,64.2446,0.696117,0.0366459,0.149673,0.0175173,0.270648,0.0306391,NA,NA,"41","em","2","opaka-sim"
973.461,149.378,145.538,64.8796,0.695261,0.0328756,0.153345,0.0171246,0.281636,0.0313044,NA,NA,"42","em","2","opaka-sim"
1027.22,134.556,168.403,78.5577,0.7384,0.0301559,0.18207,0.0201858,0.297188,0.0265861,NA,NA,"43","em","2","opaka-sim"
987.578,131.753,248.044,131.568,0.694721,0.0338384,0.154527,0.0181226,0.28572,0.0258687,NA,NA,"44","em","2","opaka-sim"
952.093,132.524,333.27,197.032,0.732612,0.0339032,0.174686,0.0211477,0.275453,0.0261381,NA,NA,"45","em","2","opaka-sim"
890.11,135.002,321.31,195.196,0.700419,0.0378147,0.150594,0.018773,0.257521,0.0272491,NA,NA,"46","em","2","opaka-sim"
875.124,140,193.064,101.36,0.728792,0.0365815,0.164443,0.019863,0.253185,0.0288689,NA,NA,"47","em","2","opaka-sim"
902.028,150.148,310.757,156.329,0.692345,0.0373372,0.14667,0.0172609,0.260969,0.0321653,NA,NA,"48","em","2","opaka-sim"
1011.77,162.605,247.583,121.436,0.663487,0.0352834,0.135666,0.0154873,0.29272,0.0358645,NA,NA,"49","em","2","opaka-sim"
1128.35,156.445,189.675,85.9191,0.645785,0.03515,0.127197,0.0140811,0.326447,0.0337077,NA,NA,"50","em","2","opaka-sim"
1181.09,162.511,168.624,73.4979,0.646601,0.0335562,0.129271,0.0140346,0.341706,0.0356964,NA,NA,"51","em","2","opaka-sim"
1268.87,166.307,211.98,79.4695,0.643154,0.0332224,0.129489,0.0142027,0.367101,0.0346834,NA,NA,"52","em","2","opaka-sim"
1315.27,168.355,178.826,71.5545,0.643243,0.0340765,0.129686,0.0145974,0.380526,0.0335872,NA,NA,"53","em","2","opaka-sim"
1308,172.195,159.553,65.1197,0.645582,0.0352845,0.129894,0.0150411,0.378423,0.0336259,NA,NA,"54","em","2","opaka-sim"
1274.33,174.574,131.041,53.0644,0.593703,0.0368097,0.109107,0.0129991,0.368681,0.0337322,NA,NA,"55","em","2","opaka-sim"
1286.29,174.261,129.84,52.6521,0.565986,0.0369529,0.0994941,0.0120091,0.372141,0.0332282,NA,NA,"56","em","2","opaka-sim"
1292.58,173.06,190.606,69.326,0.553672,0.0371011,0.0958105,0.0117478,0.373961,0.0325674,NA,NA,"57","em","2","opaka-sim"
1283.15,172.037,201.387,69.1841,0.538693,0.0378914,0.0906072,0.011294,0.371232,0.0320486,NA,NA,"58","em","2","opaka-sim"
1256.36,172.777,195.076,64.4326,0.525832,0.0385187,0.085643,0.0107088,0.363483,0.0321896,NA,NA,"59","em","2","opaka-sim"
1232.79,172.963,119.948,45.7664,0.52392,0.0380462,0.0847734,0.0104653,0.356662,0.0321549,NA,NA,"60","em","2","opaka-sim"
1246.89,171.476,169.637,54.8615,0.514701,0.0369832,0.0828109,0.0100847,0.360741,0.0316597,NA,NA,"61","em","2","opaka-sim"
1280.43,170.181,108.87,39.2408,0.510195,0.0361518,0.0823962,0.00995043,0.370446,0.0312118,NA,NA,"62","em","2","opaka-sim"
1309.06,169.636,97.5202,34.4882,0.502518,0.0361469,0.0802246,0.00970641,0.37873,0.0309223,NA,NA,"63","em","2","opaka-sim"
1297.1,169.914,294.167,57.3783,0.482841,0.0358913,0.0755998,0.0092762,0.375269,0.0309446,NA,NA,"64","em","2","opaka-sim"
1304.08,170.012,128.703,30.7632,0.477288,0.0365434,0.0732324,0.00909387,0.377289,0.0306916,NA,NA,"65","em","2","opaka-sim"
1276.17,170.954,166.857,30.1799,0.439963,0.0362473,0.0629905,0.00787455,0.369212,0.0310194,NA,NA,"66","em","2","opaka-sim"
1260.68,171.795,156.433,26.3889,0.411511,0.0345544,0.0579289,0.00723094,0.364732,0.0311229,NA,NA,"67","em","2","opaka-sim"
1358.95,177.556,245.552,36.7562,0.440863,0.0355096,0.0645572,0.00805949,0.393161,0.0315874,NA,NA,"68","em","2","opaka-sim"
1376.99,181.974,148.203,26.4337,0.379816,0.0335375,0.0514103,0.00649249,0.398383,0.0324081,NA,NA,"69","em","2","opaka-sim"
1416.74,187.347,140.83,26.5828,0.366056,0.0329702,0.0485227,0.0061417,0.409883,0.0329921,NA,NA,"70","em","2","opaka-sim"
1460.03,193.546,271.169,48.6634,0.385136,0.033892,0.052896,0.00673527,0.422406,0.0336019,NA,NA,"71","em","2","opaka-sim"
1539.75,204.675,146.913,32.5286,0.421306,0.0359777,0.0602488,0.00779821,0.445471,0.0348136,NA,NA,"72","em","2","opaka-sim"
1554.2,212.561,153.97,38.2723,0.365517,0.0345512,0.0484514,0.00646655,0.44965,0.0361091,NA,NA,"73","em","2","opaka-sim"
1577.69,220.651,129.085,45.8215,0.429606,0.0383165,0.0622963,0.00854679,0.456448,0.0373261,NA,NA,"74","em","2","opaka-sim"
1641.28,238.585,239.147,123.79,0.448795,0.0410091,0.0669516,0.00966341,0.474844,0.0406364,7.40323,0.145366,"75","em","2","opaka-sim"
2621.05,NA,297.891,NA,0.427196,NA,0.0620234,NA,NA,NA,7.87133,NA,"1","om","2","opaka-sim"
2500.86,NA,113.603,NA,0.226404,NA,0.0262186,NA,0.794804,NA,NA,NA,"2","om","2","opaka-sim"
2485.99,NA,755.746,NA,0.309385,NA,0.0389284,NA,0.79008,NA,NA,NA,"3","om","2","opaka-sim"
2451.17,NA,168.866,NA,0.360857,NA,0.0475371,NA,0.77901,NA,NA,NA,"4","om","2","opaka-sim"
2448.96,NA,77.356,NA,0.429991,NA,0.0600139,NA,0.778311,NA,NA,NA,"5","om","2","opaka-sim"
2375.66,NA,135.975,NA,0.31436,NA,0.0399258,NA,0.755014,NA,NA,NA,"6","om","2","opaka-sim"
2706.69,NA,201.659,NA,0.431705,NA,0.0643709,NA,0.860218,NA,NA,NA,"7","om","2","opaka-sim"
2697.14,NA,82.0102,NA,0.458112,NA,0.0704863,NA,0.857184,NA,NA,NA,"8","om","2","opaka-sim"
2541.63,NA,438.912,NA,0.446422,NA,0.0672079,NA,0.807762,NA,NA,NA,"9","om","2","opaka-sim"
2399.55,NA,286.357,NA,0.528841,NA,0.0882996,NA,0.762608,NA,NA,NA,"10","om","2","opaka-sim"
2232.23,NA,280.653,NA,0.488553,NA,0.0748683,NA,0.709431,NA,NA,NA,"11","om","2","opaka-sim"
2073.7,NA,304.949,NA,0.494509,NA,0.0767376,NA,0.659048,NA,NA,NA,"12","om","2","opaka-sim"
2121.37,NA,312.455,NA,0.541612,NA,0.0905926,NA,0.674199,NA,NA,NA,"13","om","2","opaka-sim"
2110.11,NA,381.23,NA,0.54507,NA,0.0917624,NA,0.670619,NA,NA,NA,"14","om","2","opaka-sim"
2097.6,NA,250.947,NA,0.536824,NA,0.0890429,NA,0.666643,NA,NA,NA,"15","om","2","opaka-sim"
2112.5,NA,251.864,NA,0.527157,NA,0.0862541,NA,0.671377,NA,NA,NA,"16","om","2","opaka-sim"
2151.7,NA,378.73,NA,0.548655,NA,0.0938949,NA,0.683837,NA,NA,NA,"17","om","2","opaka-sim"
2208.01,NA,241.126,NA,0.573649,NA,0.102024,NA,0.701731,NA,NA,NA,"18","om","2","opaka-sim"
2172.75,NA,203.302,NA,0.587321,NA,0.106144,NA,0.690528,NA,NA,NA,"19","om","2","opaka-sim"
2120.69,NA,309.799,NA,0.604489,NA,0.113596,NA,0.673981,NA,NA,NA,"20","om","2","opaka-sim"
2117.23,NA,157.454,NA,0.615451,NA,0.11807,NA,0.672883,NA,NA,NA,"21","om","2","opaka-sim"
2038.22,NA,217.955,NA,0.634531,NA,0.125456,NA,0.647771,NA,NA,NA,"22","om","2","opaka-sim"
1919.91,NA,142.234,NA,0.631608,NA,0.125072,NA,0.610173,NA,NA,NA,"23","om","2","opaka-sim"
1858.26,NA,243.554,NA,0.651476,NA,0.133794,NA,0.590578,NA,NA,NA,"24","om","2","opaka-sim"
1717.51,NA,146.259,NA,0.667108,NA,0.141033,NA,0.545845,NA,NA,NA,"25","om","2","opaka-sim"
1591.15,NA,168.744,NA,0.674284,NA,0.143381,NA,0.505688,NA,NA,NA,"26","om","2","opaka-sim"
1447.87,NA,100.72,NA,0.64298,NA,0.128898,NA,0.46015,NA,NA,NA,"27","om","2","opaka-sim"
1392.91,NA,259.956,NA,0.647718,NA,0.131382,NA,0.442685,NA,NA,NA,"28","om","2","opaka-sim"
1305.06,NA,187.634,NA,0.678749,NA,0.145813,NA,0.414765,NA,NA,NA,"29","om","2","opaka-sim"
1206.32,NA,716.142,NA,0.653329,NA,0.130619,NA,0.383385,NA,NA,NA,"30","om","2","opaka-sim"
1116.03,NA,95.8749,NA,0.645202,NA,0.122569,NA,0.354688,NA,NA,NA,"31","om","2","opaka-sim"
1122.68,NA,139.144,NA,0.691708,NA,0.140244,NA,0.356801,NA,NA,NA,"32","om","2","opaka-sim"
1132.01,NA,184.789,NA,0.685645,NA,0.149466,NA,0.359767,NA,NA,NA,"33","om","2","opaka-sim"
1398.3,NA,96.5751,NA,0.699115,NA,0.159803,NA,0.444396,NA,NA,NA,"34","om","2","opaka-sim"
1350.04,NA,143.503,NA,0.705465,NA,0.163042,NA,0.42906,NA,NA,NA,"35","om","2","opaka-sim"
1255.11,NA,107.219,NA,0.699058,NA,0.159517,NA,0.398891,NA,NA,NA,"36","om","2","opaka-sim"
1178.89,NA,288.098,NA,0.740874,NA,0.184502,NA,0.374666,NA,NA,NA,"37","om","2","opaka-sim"
1031.97,NA,314.282,NA,0.680942,NA,0.145543,NA,0.327972,NA,6.93922,NA,"38","om","2","opaka-sim"
960.804,NA,332.902,NA,0.70554,NA,0.152515,NA,0.305355,NA,NA,NA,"39","om","2","opaka-sim"
885.996,NA,150.474,NA,0.695471,NA,0.145213,NA,0.28158,NA,NA,NA,"40","om","2","opaka-sim"
933.831,NA,78.2052,NA,0.687644,NA,0.144344,NA,0.296783,NA,NA,NA,"41","om","2","opaka-sim"
1030.34,NA,149.465,NA,0.674461,NA,0.144493,NA,0.327455,NA,NA,NA,"42","om","2","opaka-sim"
1134.71,NA,133.169,NA,0.714909,NA,0.16997,NA,0.360624,NA,NA,NA,"43","om","2","opaka-sim"
1091.89,NA,402.628,NA,0.67565,NA,0.145837,NA,0.347017,NA,NA,NA,"44","om","2","opaka-sim"
1015.78,NA,233.586,NA,0.718111,NA,0.164638,NA,0.322828,NA,NA,NA,"45","om","2","opaka-sim"
939.078,NA,226.439,NA,0.687256,NA,0.141198,NA,0.298451,NA,NA,NA,"46","om","2","opaka-sim"
910.594,NA,90.0408,NA,0.708005,NA,0.156328,NA,0.289398,NA,NA,NA,"47","om","2","opaka-sim"
1015.28,NA,378.409,NA,0.677229,NA,0.143871,NA,0.322668,NA,NA,NA,"48","om","2","opaka-sim"
1073.37,NA,275.594,NA,0.661927,NA,0.137081,NA,0.34113,NA,NA,NA,"49","om","2","opaka-sim"
1105.24,NA,232.833,NA,0.663432,NA,0.132878,NA,0.35126,NA,NA,NA,"50","om","2","opaka-sim"
1071.26,NA,164.052,NA,0.667134,NA,0.136178,NA,0.340459,NA,NA,NA,"51","om","2","opaka-sim"
1172.9,NA,68.9292,NA,0.659414,NA,0.135215,NA,0.372763,NA,NA,NA,"52","om","2","opaka-sim"
1242.02,NA,296,NA,0.654344,NA,0.135815,NA,0.394729,NA,NA,NA,"53","om","2","opaka-sim"
1268.61,NA,218.37,NA,0.657694,NA,0.137327,NA,0.403181,NA,NA,NA,"54","om","2","opaka-sim"
1229.66,NA,51.9116,NA,0.614518,NA,0.114749,NA,0.390802,NA,NA,NA,"55","om","2","opaka-sim"
1165.65,NA,109.203,NA,0.580559,NA,0.103525,NA,0.370458,NA,NA,NA,"56","om","2","opaka-sim"
1231.44,NA,330.694,NA,0.560681,NA,0.0993558,NA,0.391367,NA,NA,NA,"57","om","2","opaka-sim"
1270.53,NA,132.142,NA,0.547148,NA,0.0928741,NA,0.403789,NA,NA,NA,"58","om","2","opaka-sim"
1210.43,NA,328.989,NA,0.53664,NA,0.0873254,NA,0.384689,NA,NA,NA,"59","om","2","opaka-sim"
1181.23,NA,58.0523,NA,0.523531,NA,0.0845334,NA,0.37541,NA,NA,NA,"60","om","2","opaka-sim"
1277.67,NA,107.851,NA,0.50713,NA,0.0798888,NA,0.406058,NA,NA,NA,"61","om","2","opaka-sim"
1308.68,NA,44.818,NA,0.493244,NA,0.078952,NA,0.415915,NA,NA,NA,"62","om","2","opaka-sim"
1419.28,NA,88.0182,NA,0.484333,NA,0.0769602,NA,0.451066,NA,NA,NA,"63","om","2","opaka-sim"
1389.27,NA,217.505,NA,0.472646,NA,0.0740492,NA,0.441527,NA,NA,NA,"64","om","2","opaka-sim"
1345.3,NA,92.0813,NA,0.474848,NA,0.0731175,NA,0.427554,NA,NA,NA,"65","om","2","opaka-sim"
1257.59,NA,198.908,NA,0.449175,NA,0.0656406,NA,0.399678,NA,NA,NA,"66","om","2","opaka-sim"
1204.07,NA,160.272,NA,0.432923,NA,0.0624035,NA,0.382669,NA,NA,NA,"67","om","2","opaka-sim"
1231.98,NA,173.397,NA,0.472474,NA,0.0710402,NA,0.391538,NA,NA,NA,"68","om","2","opaka-sim"
1203.91,NA,113.621,NA,0.412066,NA,0.0576035,NA,0.382617,NA,NA,NA,"69","om","2","opaka-sim"
1248.13,NA,182.59,NA,0.39806,NA,0.0550756,NA,0.396671,NA,NA,NA,"70","om","2","opaka-sim"
1289.59,NA,219.518,NA,0.422804,NA,0.0606858,NA,0.409846,NA,NA,NA,"71","om","2","opaka-sim"
1323.54,NA,209.371,NA,0.465148,NA,0.069728,NA,0.420637,NA,NA,NA,"72","om","2","opaka-sim"
1311.3,NA,132.974,NA,0.405801,NA,0.0560668,NA,0.416748,NA,NA,NA,"73","om","2","opaka-sim"
1354.05,NA,94.1175,NA,0.471327,NA,0.0713644,NA,0.430334,NA,NA,NA,"74","om","2","opaka-sim"
1403.83,NA,132.945,NA,0.486505,NA,0.0764114,NA,0.446154,NA,7.24696,NA,"75","om","2","opaka-sim"
2771.22,216.075,119.565,49.5755,0.217434,0.0138828,0.0250953,0.00193458,NA,NA,7.92704,0.077971,"1","em","3","opaka-sim"
2747.82,216.062,119.246,49.1973,0.326743,0.0187288,0.0422871,0.0032867,0.834432,0.0112981,NA,NA,"2","em","3","opaka-sim"
2677.33,216.072,124.674,51.8457,0.381399,0.0210127,0.0528374,0.00421988,0.813027,0.0126683,NA,NA,"3","em","3","opaka-sim"
2576.86,215.592,141.143,60.2591,0.391974,0.0222362,0.0550318,0.00458255,0.782519,0.0145472,NA,NA,"4","em","3","opaka-sim"
2426.48,214.02,152.649,66.5411,0.502017,0.0257513,0.0810442,0.00707562,0.736852,0.0197084,NA,NA,"5","em","3","opaka-sim"
2207.69,212.381,176.208,79.4344,0.509715,0.0280419,0.0827211,0.00777965,0.670411,0.0257363,NA,NA,"6","em","3","opaka-sim"
2008.77,210.439,174.637,79.5672,0.430595,0.0286832,0.0624801,0.0062922,0.610004,0.0305296,NA,NA,"7","em","3","opaka-sim"
1887.48,208.514,182.088,84.2701,0.444825,0.0303092,0.0654529,0.00682562,0.573172,0.0338146,NA,NA,"8","em","3","opaka-sim"
1789.19,206.329,182.983,85.4798,0.459857,0.0315624,0.0689008,0.00737048,0.543326,0.0362918,NA,NA,"9","em","3","opaka-sim"
1718.84,203.613,183.853,86.5503,0.42407,0.0311856,0.0606586,0.00659815,0.521963,0.0379268,NA,NA,"10","em","3","opaka-sim"
1683.91,200.891,197.244,94.6045,0.491094,0.0327727,0.0768241,0.00833899,0.511354,0.038792,NA,NA,"11","em","3","opaka-sim"
1637.02,197.589,209.44,101.873,0.532654,0.0335363,0.088458,0.00965627,0.497117,0.0391629,NA,NA,"12","em","3","opaka-sim"
1582.98,194.525,205.646,99.6364,0.584057,0.0340571,0.104961,0.0115346,0.480705,0.0393635,NA,NA,"13","em","3","opaka-sim"
1513.73,191.869,204.647,98.1202,0.564612,0.0347069,0.098121,0.0109099,0.459675,0.0395934,NA,NA,"14","em","3","opaka-sim"
1478.29,188.936,190.202,88.8047,0.573185,0.0345281,0.101059,0.011143,0.448914,0.0393427,NA,NA,"15","em","3","opaka-sim"
1456.88,185.201,151.137,66.6585,0.552315,0.0340602,0.0943875,0.0102181,0.442412,0.0387084,NA,NA,"16","em","3","opaka-sim"
1453.95,180.384,142.656,61.4385,0.584978,0.0327647,0.105898,0.0111001,0.441523,0.0375954,NA,NA,"17","em","3","opaka-sim"
1435.5,172.083,138.73,59.0349,0.620179,0.031418,0.120085,0.0123675,0.435919,0.0354259,NA,NA,"18","em","3","opaka-sim"
1387.19,162.049,135.314,57.3039,0.629993,0.0312993,0.124358,0.0128542,0.421248,0.0328433,NA,NA,"19","em","3","opaka-sim"
1312.62,154.971,133.267,56.6095,0.637818,0.0315868,0.127519,0.0133532,0.398605,0.0314248,NA,NA,"20","em","3","opaka-sim"
1230.3,148.015,171.148,75.8266,0.647551,0.0320191,0.131544,0.0140593,0.373605,0.0300654,NA,NA,"21","em","3","opaka-sim"
1147.31,141.545,186.701,84.3057,0.65743,0.0327196,0.135301,0.0147535,0.348405,0.0289093,NA,NA,"22","em","3","opaka-sim"
1067.41,136.526,157.154,70.8272,0.675637,0.0331678,0.14256,0.0155973,0.324141,0.0282773,NA,NA,"23","em","3","opaka-sim"
991.802,132.429,161.084,74.1068,0.693384,0.0325167,0.151108,0.0164055,0.301181,0.027948,NA,NA,"24","em","3","opaka-sim"
943.369,126.003,214,102.914,0.708246,0.0313789,0.160113,0.0174063,0.286474,0.0267871,NA,NA,"25","em","3","opaka-sim"
910.195,119.276,215.799,106.341,0.724503,0.0313348,0.169288,0.0185863,0.2764,0.0254066,NA,NA,"26","em","3","opaka-sim"
863.927,118.277,198.363,97.7929,0.710839,0.03303,0.158673,0.0175247,0.26235,0.0257605,NA,NA,"27","em","3","opaka-sim"
840.981,119.205,192.523,94.4806,0.697517,0.0330612,0.151228,0.0164712,0.255381,0.0263754,NA,NA,"28","em","3","opaka-sim"
862.599,119.468,179.157,87.3731,0.690333,0.0324271,0.148567,0.0159109,0.261946,0.0265772,NA,NA,"29","em","3","opaka-sim"
895.92,119.852,209.829,106.526,0.695544,0.0317997,0.152408,0.0162467,0.272065,0.0265665,NA,NA,"30","em","3","opaka-sim"
915.441,121.212,236.381,126.782,0.66745,0.032894,0.138209,0.0149284,0.277993,0.0266989,NA,NA,"31","em","3","opaka-sim"
941.626,123.752,263.73,151.76,0.673877,0.0331687,0.140403,0.0151858,0.285944,0.0270771,NA,NA,"32","em","3","opaka-sim"
954.006,128.703,316.473,186.228,0.71891,0.0318931,0.163774,0.0177463,0.289704,0.0283831,NA,NA,"33","em","3","opaka-sim"
952.794,134.271,274.547,155.865,0.689889,0.0340653,0.14604,0.0159145,0.289336,0.0300604,NA,NA,"34","em","3","opaka-sim"
990.836,142.686,188.893,94.3018,0.744762,0.0314271,0.178433,0.0185496,0.300888,0.0324923,NA,NA,"35","em","3","opaka-sim"
1009.75,151.57,183.231,88.1937,0.744264,0.0300355,0.180986,0.0183189,0.306632,0.0353524,NA,NA,"36","em","3","opaka-sim"
1056.31,148.529,178.658,84.1383,0.728099,0.0289292,0.173626,0.0174094,0.320772,0.0344354,NA,NA,"37","em","3","opaka-sim"
1087.94,136.28,169.403,78.8919,0.751618,0.0277896,0.190729,0.019208,0.330377,0.029982,6.99205,0.125263,"38","em","3","opaka-sim"
1041.2,134.158,204.915,98.6568,0.722584,0.0301061,0.170519,0.0178867,0.316181,0.0293308,NA,NA,"39","em","3","opaka-sim"
1006.6,131.432,226.396,107.295,0.707973,0.0314634,0.160724,0.0172475,0.305674,0.0284142,NA,NA,"40","em","3","opaka-sim"
978.337,130.019,157.735,71.8582,0.745054,0.030546,0.182334,0.0193628,0.297093,0.0281034,NA,NA,"41","em","3","opaka-sim"
922.308,129.981,145.641,64.692,0.724822,0.0315479,0.168525,0.0176959,0.280078,0.0286396,NA,NA,"42","em","3","opaka-sim"
910.05,125.918,151.496,67.185,0.717242,0.0296971,0.166198,0.0170362,0.276356,0.0278324,NA,NA,"43","em","3","opaka-sim"
917.89,113.957,173.545,76.8268,0.761943,0.027202,0.197958,0.0201196,0.278737,0.0243867,NA,NA,"44","em","3","opaka-sim"
858.078,110.268,139.774,61.4598,0.734448,0.0298617,0.176825,0.0184836,0.260573,0.0238016,NA,NA,"45","em","3","opaka-sim"
813.91,107.954,135.989,60.2087,0.726683,0.0304624,0.170894,0.0178007,0.247161,0.0234232,NA,NA,"46","em","3","opaka-sim"
783.856,104.417,178.67,82.808,0.756987,0.0281589,0.192726,0.0200277,0.238034,0.0226448,NA,NA,"47","em","3","opaka-sim"
749.541,97.8976,195.835,105.937,0.729878,0.0304854,0.172906,0.018412,0.227614,0.021109,NA,NA,"48","em","3","opaka-sim"
723.097,96.8513,154.125,84.7213,0.718595,0.0315899,0.163505,0.0171958,0.219584,0.0212718,NA,NA,"49","em","3","opaka-sim"
706.123,96.8848,156.696,87.6352,0.687743,0.03151,0.146029,0.0151022,0.214429,0.0218806,NA,NA,"50","em","3","opaka-sim"
732.267,94.322,190.328,110.946,0.686714,0.0305583,0.147368,0.0153328,0.222368,0.0220363,NA,NA,"51","em","3","opaka-sim"
769.693,97.8733,192.047,107.915,0.69826,0.031775,0.153737,0.0164166,0.233733,0.0224098,NA,NA,"52","em","3","opaka-sim"
777.523,106.041,142.114,72.7104,0.690456,0.0338344,0.148404,0.016024,0.236111,0.0239597,NA,NA,"53","em","3","opaka-sim"
786.712,113.32,134.849,62.9253,0.660974,0.0343374,0.134413,0.01434,0.238902,0.0254353,NA,NA,"54","em","3","opaka-sim"
826.534,114.858,101.776,47.1436,0.637373,0.0325678,0.125717,0.013172,0.250994,0.0258831,NA,NA,"55","em","3","opaka-sim"
873.502,107.749,99.2118,45.6274,0.598752,0.0322942,0.111023,0.0116365,0.265257,0.0236328,NA,NA,"56","em","3","opaka-sim"
901.568,107.63,117.15,54.2135,0.599333,0.0322472,0.111968,0.0119645,0.27378,0.0230035,NA,NA,"57","em","3","opaka-sim"
909.285,108.712,261.212,99.7615,0.595864,0.0338298,0.110329,0.0123732,0.276124,0.0225912,NA,NA,"58","em","3","opaka-sim"
890.277,112.651,193.674,90.3011,0.590921,0.0362124,0.10608,0.0122659,0.270351,0.0232842,NA,NA,"59","em","3","opaka-sim"
864.639,117.605,219.984,85.6112,0.58955,0.0374786,0.102769,0.0118167,0.262566,0.0244185,NA,NA,"60","em","3","opaka-sim"
860.918,122.15,112.027,47.5529,0.568261,0.0358185,0.096796,0.0108163,0.261436,0.0254316,NA,NA,"61","em","3","opaka-sim"
948.967,125.183,111.527,45.2702,0.531852,0.0340373,0.0869872,0.00942971,0.288174,0.02686,NA,NA,"62","em","3","opaka-sim"
1031.35,127.593,180.048,58.2506,0.518196,0.0320448,0.0852092,0.00912745,0.31319,0.027021,NA,NA,"63","em","3","opaka-sim"
1116.52,127.974,196.188,54.5412,0.500224,0.0322521,0.0800867,0.00866373,0.339054,0.0260983,NA,NA,"64","em","3","opaka-sim"
1136.82,133.9,148.689,37.2506,0.509839,0.0332789,0.0814738,0.00890077,0.34522,0.0272767,NA,NA,"65","em","3","opaka-sim"
1134.92,138.837,251.918,40.0638,0.436507,0.0320564,0.0630384,0.00696859,0.344644,0.0281795,NA,NA,"66","em","3","opaka-sim"
1189.43,143.554,237.979,34.5839,0.46095,0.0322484,0.0687595,0.00754404,0.361194,0.028779,NA,NA,"67","em","3","opaka-sim"
1246.37,147.993,185.501,28.3908,0.462073,0.0322705,0.0682227,0.00745546,0.378488,0.0293824,NA,NA,"68","em","3","opaka-sim"
1282.49,152.548,155.446,25.6054,0.468991,0.0320676,0.0703269,0.00766418,0.389455,0.029949,NA,NA,"69","em","3","opaka-sim"
1369.31,160.265,155.364,26.7738,0.46752,0.0319796,0.0709333,0.00778991,0.41582,0.0305298,NA,NA,"70","em","3","opaka-sim"
1453.67,169.888,99.1309,20.227,0.46467,0.0323985,0.0707781,0.00792721,0.441438,0.0316072,NA,NA,"71","em","3","opaka-sim"
1498.99,178.536,182.694,35.9708,0.464943,0.0333577,0.0711088,0.00821783,0.455199,0.0328758,NA,NA,"72","em","3","opaka-sim"
1509.95,185.954,109.389,27.129,0.426369,0.0335747,0.0620704,0.00747627,0.458527,0.0342431,NA,NA,"73","em","3","opaka-sim"
1516.05,193.016,135.091,43.3789,0.484958,0.0366403,0.075581,0.00948248,0.460381,0.0356633,NA,NA,"74","em","3","opaka-sim"
1462.44,197.7,139.829,71.7371,0.496536,0.0392138,0.0788899,0.0105391,0.4441,0.0372837,7.28786,0.135185,"75","em","3","opaka-sim"
2621.05,NA,172.824,NA,0.226404,NA,0.0263529,NA,NA,NA,7.87133,NA,"1","om","3","opaka-sim"
2598.33,NA,103.883,NA,0.340253,NA,0.0446019,NA,0.82578,NA,NA,NA,"2","om","3","opaka-sim"
2528.02,NA,261.31,NA,0.397163,NA,0.0558161,NA,0.803435,NA,NA,NA,"3","om","3","opaka-sim"
2433.05,NA,48.4653,NA,0.404652,NA,0.0573479,NA,0.773255,NA,NA,NA,"4","om","3","opaka-sim"
2324.4,NA,107.758,NA,0.512341,NA,0.0832907,NA,0.738724,NA,NA,NA,"5","om","3","opaka-sim"
2130.05,NA,217.763,NA,0.510338,NA,0.0836875,NA,0.676958,NA,NA,NA,"6","om","3","opaka-sim"
2026.05,NA,177.52,NA,0.434592,NA,0.0639102,NA,0.643903,NA,NA,NA,"7","om","3","opaka-sim"
1876.25,NA,149.002,NA,0.448016,NA,0.0661018,NA,0.596295,NA,NA,NA,"8","om","3","opaka-sim"
1751.07,NA,389.261,NA,0.46308,NA,0.0697031,NA,0.556512,NA,NA,NA,"9","om","3","opaka-sim"
1701.29,NA,172.846,NA,0.425895,NA,0.0605928,NA,0.540691,NA,NA,NA,"10","om","3","opaka-sim"
1671.87,NA,204.055,NA,0.490637,NA,0.0749839,NA,0.53134,NA,NA,NA,"11","om","3","opaka-sim"
1627.38,NA,83.598,NA,0.51858,NA,0.0840969,NA,0.517202,NA,NA,NA,"12","om","3","opaka-sim"
1706.73,NA,113.176,NA,0.560465,NA,0.0981876,NA,0.542419,NA,NA,NA,"13","om","3","opaka-sim"
1674.21,NA,470.04,NA,0.536925,NA,0.0919702,NA,0.532084,NA,NA,NA,"14","om","3","opaka-sim"
1645.15,NA,130.865,NA,0.555354,NA,0.0957305,NA,0.52285,NA,NA,NA,"15","om","3","opaka-sim"
1535.29,NA,76.4313,NA,0.541783,NA,0.0886815,NA,0.487934,NA,NA,NA,"16","om","3","opaka-sim"
1468.59,NA,155.59,NA,0.565139,NA,0.0993079,NA,0.466736,NA,NA,NA,"17","om","3","opaka-sim"
1585.48,NA,107.668,NA,0.595471,NA,0.111895,NA,0.503884,NA,NA,NA,"18","om","3","opaka-sim"
1527.97,NA,152.723,NA,0.61074,NA,0.117239,NA,0.485607,NA,NA,NA,"19","om","3","opaka-sim"
1402.44,NA,121.283,NA,0.620031,NA,0.120527,NA,0.445711,NA,NA,NA,"20","om","3","opaka-sim"
1307.21,NA,309.302,NA,0.631862,NA,0.124515,NA,0.415448,NA,NA,NA,"21","om","3","opaka-sim"
1198.19,NA,192.066,NA,0.644138,NA,0.127921,NA,0.3808,NA,NA,NA,"22","om","3","opaka-sim"
1115.54,NA,149.02,NA,0.661837,NA,0.132696,NA,0.354531,NA,NA,NA,"23","om","3","opaka-sim"
1041.73,NA,151.486,NA,0.666341,NA,0.137056,NA,0.331075,NA,NA,NA,"24","om","3","opaka-sim"
1078.44,NA,160.644,NA,0.67242,NA,0.142348,NA,0.342742,NA,NA,NA,"25","om","3","opaka-sim"
1071.17,NA,139.32,NA,0.684614,NA,0.14906,NA,0.34043,NA,NA,NA,"26","om","3","opaka-sim"
1026.17,NA,148.772,NA,0.66861,NA,0.140315,NA,0.32613,NA,NA,NA,"27","om","3","opaka-sim"
991.344,NA,219.41,NA,0.66563,NA,0.138927,NA,0.315061,NA,NA,NA,"28","om","3","opaka-sim"
964.181,NA,173.589,NA,0.675519,NA,0.142437,NA,0.306429,NA,NA,NA,"29","om","3","opaka-sim"
924.71,NA,332.366,NA,0.695767,NA,0.151169,NA,0.293884,NA,NA,NA,"30","om","3","opaka-sim"
888.595,NA,64.9534,NA,0.673166,NA,0.138263,NA,0.282406,NA,NA,NA,"31","om","3","opaka-sim"
909.204,NA,399.125,NA,0.681143,NA,0.142059,NA,0.288956,NA,NA,NA,"32","om","3","opaka-sim"
924.558,NA,432.616,NA,0.717572,NA,0.165286,NA,0.293836,NA,NA,NA,"33","om","3","opaka-sim"
981.503,NA,296.065,NA,0.695825,NA,0.144915,NA,0.311934,NA,NA,NA,"34","om","3","opaka-sim"
944.712,NA,103.778,NA,0.740874,NA,0.171472,NA,0.300241,NA,NA,NA,"35","om","3","opaka-sim"
1040.42,NA,77.9557,NA,0.724551,NA,0.16887,NA,0.330659,NA,NA,NA,"36","om","3","opaka-sim"
1183.15,NA,186.058,NA,0.700604,NA,0.161585,NA,0.376019,NA,NA,NA,"37","om","3","opaka-sim"
1248.32,NA,218.527,NA,0.728107,NA,0.179142,NA,0.39673,NA,7.12955,NA,"38","om","3","opaka-sim"
1149.82,NA,296.91,NA,0.709001,NA,0.162369,NA,0.365426,NA,NA,NA,"39","om","3","opaka-sim"
1035.98,NA,202.814,NA,0.701092,NA,0.153746,NA,0.329249,NA,NA,NA,"40","om","3","opaka-sim"
990.389,NA,142.354,NA,0.735513,NA,0.172696,NA,0.314758,NA,NA,NA,"41","om","3","opaka-sim"
964.529,NA,140.359,NA,0.704696,NA,0.157388,NA,0.306539,NA,NA,NA,"42","om","3","opaka-sim"
1012.23,NA,112.102,NA,0.693823,NA,0.154194,NA,0.321698,NA,NA,NA,"43","om","3","opaka-sim"
1020.37,NA,187.932,NA,0.739331,NA,0.183276,NA,0.324285,NA,NA,NA,"44","om","3","opaka-sim"
950.883,NA,172.652,NA,0.710982,NA,0.163945,NA,0.302202,NA,NA,NA,"45","om","3","opaka-sim"
895.724,NA,112.872,NA,0.707553,NA,0.158936,NA,0.284672,NA,NA,NA,"46","om","3","opaka-sim"
837.211,NA,119.455,NA,0.740308,NA,0.179889,NA,0.266076,NA,NA,NA,"47","om","3","opaka-sim"
804.163,NA,293.008,NA,0.709874,NA,0.162578,NA,0.255573,NA,NA,NA,"48","om","3","opaka-sim"
792.878,NA,106.679,NA,0.702909,NA,0.155602,NA,0.251987,NA,NA,NA,"49","om","3","opaka-sim"
756.523,NA,176.243,NA,0.675055,NA,0.137756,NA,0.240432,NA,NA,NA,"50","om","3","opaka-sim"
749.757,NA,140.383,NA,0.670636,NA,0.139931,NA,0.238282,NA,NA,NA,"51","om","3","opaka-sim"
831.161,NA,180.069,NA,0.684045,NA,0.146959,NA,0.264153,NA,NA,NA,"52","om","3","opaka-sim"
821.912,NA,121.685,NA,0.676889,NA,0.143509,NA,0.261214,NA,NA,NA,"53","om","3","opaka-sim"
832.343,NA,309.55,NA,0.65281,NA,0.131711,NA,0.264529,NA,NA,NA,"54","om","3","opaka-sim"
839.364,NA,75.0738,NA,0.637681,NA,0.124005,NA,0.26676,NA,NA,NA,"55","om","3","opaka-sim"
864.821,NA,146.604,NA,0.598606,NA,0.10696,NA,0.274851,NA,NA,NA,"56","om","3","opaka-sim"
889.467,NA,156.85,NA,0.580808,NA,0.104818,NA,0.282684,NA,NA,NA,"57","om","3","opaka-sim"
1002.39,NA,171.549,NA,0.56531,NA,0.0990632,NA,0.318573,NA,NA,NA,"58","om","3","opaka-sim"
1004.1,NA,98.6443,NA,0.550632,NA,0.0936633,NA,0.319116,NA,NA,NA,"59","om","3","opaka-sim"
1020.74,NA,288.036,NA,0.541385,NA,0.0909689,NA,0.324405,NA,NA,NA,"60","om","3","opaka-sim"
1046.28,NA,171.841,NA,0.529974,NA,0.0872269,NA,0.332519,NA,NA,NA,"61","om","3","opaka-sim"
1075.47,NA,109.331,NA,0.509766,NA,0.0797067,NA,0.341796,NA,NA,NA,"62","om","3","opaka-sim"
1082.15,NA,146.035,NA,0.498353,NA,0.0784391,NA,0.343921,NA,NA,NA,"63","om","3","opaka-sim"
1186.26,NA,209.303,NA,0.477511,NA,0.0741119,NA,0.377009,NA,NA,NA,"64","om","3","opaka-sim"
1242.64,NA,148.173,NA,0.485501,NA,0.0755479,NA,0.394925,NA,NA,NA,"65","om","3","opaka-sim"
1242.94,NA,278.426,NA,0.418178,NA,0.059137,NA,0.395022,NA,NA,NA,"66","om","3","opaka-sim"
1274.8,NA,205.403,NA,0.442989,NA,0.0645335,NA,0.405148,NA,NA,NA,"67","om","3","opaka-sim"
1329.8,NA,181.287,NA,0.444699,NA,0.0642129,NA,0.422626,NA,NA,NA,"68","om","3","opaka-sim"
1363.29,NA,178.036,NA,0.450802,NA,0.0663988,NA,0.433271,NA,NA,NA,"69","om","3","opaka-sim"
1459.45,NA,149.972,NA,0.453603,NA,0.0676316,NA,0.463833,NA,NA,NA,"70","om","3","opaka-sim"
1521.8,NA,107.408,NA,0.452815,NA,0.0677285,NA,0.483646,NA,NA,NA,"71","om","3","opaka-sim"
1556.47,NA,171.163,NA,0.454513,NA,0.0685246,NA,0.494664,NA,NA,NA,"72","om","3","opaka-sim"
1573.71,NA,117.583,NA,0.416529,NA,0.0598865,NA,0.500143,NA,NA,NA,"73","om","3","opaka-sim"
1575.37,NA,158.447,NA,0.473653,NA,0.0727912,NA,0.500673,NA,NA,NA,"74","om","3","opaka-sim"
1521.91,NA,213.619,NA,0.486229,NA,0.0760153,NA,0.483683,NA,7.32772,NA,"75","om","3","opaka-sim"
3263.42,346.723,197.163,93.9543,0.254359,0.0213505,0.030439,0.00320269,NA,NA,8.09053,0.106245,"1","em","4","opaka-sim"
3209.94,346.721,241.822,123.062,0.34274,0.0265234,0.0450701,0.00482074,0.846632,0.0144341,NA,NA,"2","em","4","opaka-sim"
3111.73,346.772,282.109,153.826,0.343613,0.0274016,0.0452426,0.00500742,0.820729,0.0167864,NA,NA,"3","em","4","opaka-sim"
3019.06,346.836,324.361,192.118,0.3644,0.0295263,0.0489073,0.00563725,0.796288,0.0191324,NA,NA,"4","em","4","opaka-sim"
2904.51,352.921,381.363,253.933,0.185303,0.0192557,0.0205575,0.00249358,0.766073,0.0285397,NA,NA,"5","em","4","opaka-sim"
2913.29,368.183,492.196,338.018,0.418956,0.0347504,0.0593736,0.00738228,0.76839,0.0392003,NA,NA,"6","em","4","opaka-sim"
2842.43,390.503,340.371,209.214,0.453519,0.0385453,0.0666432,0.00865795,0.749699,0.0515278,NA,NA,"7","em","4","opaka-sim"
2801.96,417.835,271.45,145.95,0.323382,0.034009,0.0406069,0.00537832,0.739026,0.0631331,NA,NA,"8","em","4","opaka-sim"
2913.7,445.165,231.843,114.831,0.334091,0.0330437,0.0430963,0.00556975,0.768499,0.0721098,NA,NA,"9","em","4","opaka-sim"
3099.85,435.303,210.866,99.2879,0.46158,0.0371849,0.0703656,0.0088582,0.817595,0.0681722,NA,NA,"10","em","4","opaka-sim"
3117.25,427.149,194.474,88.3085,0.444794,0.0364406,0.0667203,0.0084107,0.822185,0.0657785,NA,NA,"11","em","4","opaka-sim"
3078.67,415.756,180.55,79.6486,0.457475,0.0365829,0.0698468,0.00878585,0.812009,0.062929,NA,NA,"12","em","4","opaka-sim"
2981.67,401.28,168.803,72.7719,0.454347,0.0364514,0.0690161,0.00869279,0.786425,0.0599884,NA,NA,"13","em","4","opaka-sim"
2858.31,383.736,162.976,69.3813,0.475195,0.0369538,0.0741154,0.00934095,0.753888,0.0566714,NA,NA,"14","em","4","opaka-sim"
2702.53,364.249,149.039,62.2551,0.507515,0.0377722,0.0826508,0.0104798,0.712802,0.0533089,NA,NA,"15","em","4","opaka-sim"
2516.7,344.05,145.603,60.6978,0.511188,0.0383859,0.0835199,0.0107563,0.663788,0.0501894,NA,NA,"16","em","4","opaka-sim"
2333.96,324.11,153.534,65.161,0.51545,0.0390568,0.0846151,0.0110936,0.615591,0.0472578,NA,NA,"17","em","4","opaka-sim"
2160.94,305.082,164.317,71.6642,0.530887,0.0400413,0.0889801,0.0119069,0.569954,0.0445763,NA,NA,"18","em","4","opaka-sim"
1988.89,288.491,192.077,88.2788,0.537583,0.0412226,0.0906418,0.0124432,0.524578,0.0426309,NA,NA,"19","em","4","opaka-sim"
1832.38,274.293,292.778,143.055,0.537442,0.0424243,0.0901729,0.0126976,0.483297,0.0411987,NA,NA,"20","em","4","opaka-sim"
1703.97,262.763,266.256,133.223,0.545234,0.0435829,0.091592,0.0129867,0.449429,0.0402094,NA,NA,"21","em","4","opaka-sim"
1602.79,254.763,219.389,105.373,0.565001,0.0438945,0.0966503,0.0134161,0.422742,0.039939,NA,NA,"22","em","4","opaka-sim"
1538.51,248.152,201.889,93.9331,0.602975,0.041799,0.110312,0.0147666,0.405788,0.0396909,NA,NA,"23","em","4","opaka-sim"
1533.07,236.104,206.441,94.4396,0.605741,0.0400856,0.112645,0.0146916,0.404353,0.038063,NA,NA,"24","em","4","opaka-sim"
1535.81,225.188,171.542,75.2768,0.622093,0.0389081,0.119846,0.0152937,0.405075,0.0360002,NA,NA,"25","em","4","opaka-sim"
1506.54,218.315,164.641,71.2735,0.635987,0.0383133,0.12592,0.0158997,0.397354,0.0348183,NA,NA,"26","em","4","opaka-sim"
1457.49,211.434,156.899,67.5964,0.631475,0.0381758,0.124242,0.0157418,0.384418,0.0335183,NA,NA,"27","em","4","opaka-sim"
1413.92,202.314,162.497,71.2014,0.63432,0.038453,0.125528,0.0160999,0.372927,0.0314744,NA,NA,"28","em","4","opaka-sim"
1352.27,196.461,192.62,88.8222,0.625233,0.0394862,0.121508,0.0159692,0.356665,0.0305521,NA,NA,"29","em","4","opaka-sim"
1293.36,191.912,246.446,121.467,0.641358,0.0403416,0.127662,0.0172262,0.341127,0.0299447,NA,NA,"30","em","4","opaka-sim"
1225.4,189.654,297.884,145.295,0.60565,0.042685,0.111827,0.0155035,0.323204,0.0301168,NA,NA,"31","em","4","opaka-sim"
1190.79,189.813,203.637,97.3144,0.632016,0.042737,0.120583,0.0164142,0.314075,0.030682,NA,NA,"32","em","4","opaka-sim"
1171.7,191.92,182.245,83.4228,0.656698,0.0413374,0.13108,0.0172209,0.309039,0.0317675,NA,NA,"33","em","4","opaka-sim"
1185.3,192.999,167.727,74.6149,0.640683,0.0391322,0.126359,0.0161722,0.312626,0.0326137,NA,NA,"34","em","4","opaka-sim"
1243.83,182.189,182.205,81.0109,0.651222,0.0377675,0.132499,0.0166962,0.328063,0.0296376,NA,NA,"35","em","4","opaka-sim"
1246.29,179.994,178.498,79.0537,0.629885,0.0384051,0.123426,0.0156266,0.328714,0.0290382,NA,NA,"36","em","4","opaka-sim"
1235.97,178.614,184.353,81.7547,0.658768,0.0380409,0.135822,0.0171957,0.325992,0.028517,NA,NA,"37","em","4","opaka-sim"
1193.27,177.349,200.61,88.7272,0.668191,0.0383387,0.139878,0.0179151,0.314729,0.0283977,7.08445,0.148625,"38","em","4","opaka-sim"
1151.44,174.153,168.23,72.8199,0.677985,0.038591,0.144098,0.0185343,0.303695,0.0279385,NA,NA,"39","em","4","opaka-sim"
1107.54,170.886,151.237,64.1047,0.675736,0.0387522,0.142659,0.0182596,0.292117,0.0276876,NA,NA,"40","em","4","opaka-sim"
1076.45,165.686,137.719,57.6884,0.680707,0.0375574,0.145948,0.0185015,0.283917,0.0268985,NA,NA,"41","em","4","opaka-sim"
1055.95,156.424,139.929,59.3824,0.70125,0.0364383,0.15784,0.020094,0.278511,0.0249332,NA,NA,"42","em","4","opaka-sim"
1009.4,150.548,174.448,78.0341,0.667007,0.0386882,0.139938,0.0184468,0.266233,0.0239323,NA,NA,"43","em","4","opaka-sim"
976.383,147.482,217.123,102.475,0.640114,0.0406377,0.126864,0.0171911,0.257524,0.023426,NA,NA,"44","em","4","opaka-sim"
950.948,147.379,245.541,118.191,0.656073,0.0413623,0.132304,0.018129,0.250816,0.0236554,NA,NA,"45","em","4","opaka-sim"
922.551,149.383,184.846,88.2067,0.614487,0.0431847,0.113233,0.015485,0.243326,0.0244981,NA,NA,"46","em","4","opaka-sim"
940.816,153.056,223.948,104.999,0.60232,0.0421244,0.10886,0.0143925,0.248143,0.0254357,NA,NA,"47","em","4","opaka-sim"
998.3,157.088,142.727,73.8055,0.638445,0.0391813,0.124657,0.0157677,0.263305,0.0263444,NA,NA,"48","em","4","opaka-sim"
1055.52,157.044,152.666,80.0476,0.65041,0.0381978,0.130718,0.0161234,0.278396,0.0261714,NA,NA,"49","em","4","opaka-sim"
1074.62,159.511,153.168,81.6642,0.651564,0.0367311,0.13305,0.0164085,0.283435,0.0268969,NA,NA,"50","em","4","opaka-sim"
1097.92,153.433,173.948,100.69,0.645164,0.0377617,0.130229,0.0165156,0.28958,0.0252903,NA,NA,"51","em","4","opaka-sim"
1077.27,157.17,213.144,150.751,0.646764,0.0394658,0.130306,0.0173428,0.284134,0.0259065,NA,NA,"52","em","4","opaka-sim"
1049.36,161.393,788.269,216.102,0.61724,0.0427763,0.116644,0.016722,0.276773,0.0264703,NA,NA,"53","em","4","opaka-sim"
1037.64,169.315,159.833,95.5563,0.615344,0.0460758,0.109525,0.0156688,0.273682,0.0278318,NA,NA,"54","em","4","opaka-sim"
1042.66,185.04,150.236,83.8941,0.602353,0.0472645,0.100891,0.0134615,0.275006,0.0308602,NA,NA,"55","em","4","opaka-sim"
1132.26,212.588,145.021,79.3875,0.531381,0.0383413,0.0878703,0.0110748,0.298637,0.0364855,NA,NA,"56","em","4","opaka-sim"
1554.83,204.249,214.011,106.45,0.523962,0.0367744,0.0882008,0.0109277,0.410092,0.0344943,NA,NA,"57","em","4","opaka-sim"
1672.12,220.406,198.313,99.7829,0.508973,0.0375032,0.0836144,0.0105081,0.441027,0.0377032,NA,NA,"58","em","4","opaka-sim"
1697.53,232.483,152.566,73.9991,0.490046,0.0384427,0.0773729,0.00990278,0.447729,0.0386927,NA,NA,"59","em","4","opaka-sim"
1694.5,240.591,280.955,118.923,0.481386,0.0387744,0.0749101,0.00977307,0.44693,0.0388924,NA,NA,"60","em","4","opaka-sim"
1712.38,244.863,133.979,65.9872,0.485137,0.0395613,0.0755338,0.0100427,0.451647,0.0382665,NA,NA,"61","em","4","opaka-sim"
1711.82,248.979,564.026,141.397,0.470256,0.0402858,0.0711954,0.00968007,0.451498,0.0383163,NA,NA,"62","em","4","opaka-sim"
1694.75,253.665,148.111,63.1708,0.465848,0.0405806,0.0694677,0.00945898,0.446997,0.0389749,NA,NA,"63","em","4","opaka-sim"
1737.01,260.816,101.78,38.6511,0.464766,0.0408111,0.0676931,0.00905257,0.458141,0.0400636,NA,NA,"64","em","4","opaka-sim"
1743.75,266.076,198.594,46.4892,0.438886,0.0375242,0.0646348,0.00852693,0.45992,0.0411632,NA,NA,"65","em","4","opaka-sim"
1977.5,271.27,98.8446,24.8401,0.390995,0.0353021,0.0549709,0.0072489,0.521573,0.0402827,NA,NA,"66","em","4","opaka-sim"
2029.71,277.418,286.371,45.236,0.4205,0.0368375,0.0609639,0.00806251,0.535343,0.0416398,NA,NA,"67","em","4","opaka-sim"
1986.52,278.091,228.607,37.7725,0.405058,0.0366933,0.0573492,0.00767894,0.523951,0.0421868,NA,NA,"68","em","4","opaka-sim"
1970.85,277.608,315.525,49.9024,0.369456,0.0354594,0.049222,0.0066271,0.519819,0.0416053,NA,NA,"69","em","4","opaka-sim"
1924.22,273.539,115.04,23.5751,0.410087,0.0370495,0.0571583,0.00763655,0.507521,0.0406069,NA,NA,"70","em","4","opaka-sim"
1955.84,275.997,227.455,42.7773,0.39374,0.0362692,0.0539786,0.00722656,0.515859,0.0396336,NA,NA,"71","em","4","opaka-sim"
1994.38,280.258,160.088,36.1318,0.442767,0.0381626,0.0655191,0.0088228,0.526025,0.0391978,NA,NA,"72","em","4","opaka-sim"
2046.34,290.078,416.459,93.9286,0.443551,0.0392568,0.0654501,0.00905132,0.539729,0.0400903,NA,NA,"73","em","4","opaka-sim"
1995.87,292.937,95.2514,37.9992,0.446132,0.0406919,0.0654988,0.009364,0.526417,0.04124,NA,NA,"74","em","4","opaka-sim"
1978.86,301.152,146.185,76.1955,0.457288,0.0428073,0.0673901,0.0100483,0.521932,0.043488,7.59028,0.152184,"75","em","4","opaka-sim"
2621.05,NA,176.027,NA,0.300548,NA,0.0377124,NA,NA,NA,7.87133,NA,"1","om","4","opaka-sim"
2567.28,NA,203.401,NA,0.401162,NA,0.0564147,NA,0.815912,NA,NA,NA,"2","om","4","opaka-sim"
2467.79,NA,192.528,NA,0.402604,NA,0.0566917,NA,0.784295,NA,NA,NA,"3","om","4","opaka-sim"
2376.36,NA,384.901,NA,0.428632,NA,0.0621814,NA,0.755236,NA,NA,NA,"4","om","4","opaka-sim"
2272.91,NA,70.4389,NA,0.226404,NA,0.026056,NA,0.72236,NA,NA,NA,"5","om","4","opaka-sim"
2281.43,NA,1072.81,NA,0.48683,NA,0.0753649,NA,0.725068,NA,NA,NA,"6","om","4","opaka-sim"
2188.51,NA,205.393,NA,0.522758,NA,0.0837225,NA,0.695535,NA,NA,NA,"7","om","4","opaka-sim"
2178.17,NA,74.9298,NA,0.388389,NA,0.0498429,NA,0.692249,NA,NA,NA,"8","om","4","opaka-sim"
2183.09,NA,157.848,NA,0.377221,NA,0.0510532,NA,0.693814,NA,NA,NA,"9","om","4","opaka-sim"
2723.67,NA,228.543,NA,0.500063,NA,0.082072,NA,0.865616,NA,NA,NA,"10","om","4","opaka-sim"
2774.43,NA,202.927,NA,0.484406,NA,0.0775961,NA,0.881748,NA,NA,NA,"11","om","4","opaka-sim"
2647.44,NA,110.504,NA,0.504343,NA,0.0821132,NA,0.84139,NA,NA,NA,"12","om","4","opaka-sim"
2502.42,NA,154.084,NA,0.500716,NA,0.0808956,NA,0.795299,NA,NA,NA,"13","om","4","opaka-sim"
2394.69,NA,136.653,NA,0.523698,NA,0.0876911,NA,0.761063,NA,NA,NA,"14","om","4","opaka-sim"
2258.88,NA,79.0431,NA,0.564068,NA,0.100052,NA,0.7179,NA,NA,NA,"15","om","4","opaka-sim"
2050.04,NA,236.14,NA,0.570342,NA,0.102135,NA,0.651529,NA,NA,NA,"16","om","4","opaka-sim"
1869.46,NA,65.8198,NA,0.582436,NA,0.105873,NA,0.594136,NA,NA,NA,"17","om","4","opaka-sim"
1692.19,NA,75.0472,NA,0.604128,NA,0.112641,NA,0.537798,NA,NA,NA,"18","om","4","opaka-sim"
1504.09,NA,309.811,NA,0.611397,NA,0.117008,NA,0.47802,NA,NA,NA,"19","om","4","opaka-sim"
1411.66,NA,457.728,NA,0.618713,NA,0.118546,NA,0.448642,NA,NA,NA,"20","om","4","opaka-sim"
1258.39,NA,120.82,NA,0.636054,NA,0.119549,NA,0.399933,NA,NA,NA,"21","om","4","opaka-sim"
1126.48,NA,100.201,NA,0.644427,NA,0.122046,NA,0.358009,NA,NA,NA,"22","om","4","opaka-sim"
1164.09,NA,505.992,NA,0.659733,NA,0.136221,NA,0.369962,NA,NA,NA,"23","om","4","opaka-sim"
1295.26,NA,86.6492,NA,0.661145,NA,0.136297,NA,0.41165,NA,NA,NA,"24","om","4","opaka-sim"
1252.9,NA,148.712,NA,0.680075,NA,0.141334,NA,0.398187,NA,NA,NA,"25","om","4","opaka-sim"
1184.1,NA,77.1654,NA,0.673849,NA,0.144348,NA,0.376321,NA,NA,NA,"26","om","4","opaka-sim"
1313.75,NA,172.683,NA,0.665615,NA,0.141879,NA,0.417527,NA,NA,NA,"27","om","4","opaka-sim"
1254.7,NA,63.216,NA,0.67017,NA,0.144195,NA,0.398759,NA,NA,NA,"28","om","4","opaka-sim"
1177.64,NA,176.563,NA,0.670257,NA,0.142635,NA,0.374269,NA,NA,NA,"29","om","4","opaka-sim"
1070.06,NA,327.715,NA,0.694079,NA,0.155156,NA,0.340078,NA,NA,NA,"30","om","4","opaka-sim"
992.761,NA,229.198,NA,0.674746,NA,0.139633,NA,0.315512,NA,NA,NA,"31","om","4","opaka-sim"
896.604,NA,218.774,NA,0.705543,NA,0.151385,NA,0.284952,NA,NA,NA,"32","om","4","opaka-sim"
864.508,NA,188.14,NA,0.723985,NA,0.165101,NA,0.274751,NA,NA,NA,"33","om","4","opaka-sim"
922.825,NA,194.725,NA,0.707329,NA,0.157914,NA,0.293285,NA,NA,NA,"34","om","4","opaka-sim"
959.385,NA,217.806,NA,0.71409,NA,0.163642,NA,0.304904,NA,NA,NA,"35","om","4","opaka-sim"
974.088,NA,160.787,NA,0.691866,NA,0.150817,NA,0.309577,NA,NA,NA,"36","om","4","opaka-sim"
981.318,NA,138.425,NA,0.712285,NA,0.162376,NA,0.311875,NA,NA,NA,"37","om","4","opaka-sim"
973.33,NA,286.411,NA,0.715395,NA,0.165978,NA,0.309336,NA,6.88072,NA,"38","om","4","opaka-sim"
970.203,NA,97.816,NA,0.721633,NA,0.168382,NA,0.308342,NA,NA,NA,"39","om","4","opaka-sim"
931.146,NA,147.338,NA,0.719401,NA,0.164693,NA,0.29593,NA,NA,NA,"40","om","4","opaka-sim"
891.32,NA,99.7726,NA,0.719118,NA,0.16881,NA,0.283272,NA,NA,NA,"41","om","4","opaka-sim"
920.295,NA,101.93,NA,0.740874,NA,0.183562,NA,0.292481,NA,NA,NA,"42","om","4","opaka-sim"
849.408,NA,79.1825,NA,0.71365,NA,0.166585,NA,0.269952,NA,NA,NA,"43","om","4","opaka-sim"
808.365,NA,192.145,NA,0.696299,NA,0.15643,NA,0.256908,NA,NA,NA,"44","om","4","opaka-sim"
757.529,NA,449.976,NA,0.724038,NA,0.17089,NA,0.240752,NA,NA,NA,"45","om","4","opaka-sim"
692.131,NA,180.62,NA,0.703424,NA,0.148201,NA,0.219968,NA,NA,NA,"46","om","4","opaka-sim"
642.692,NA,124.152,NA,0.692867,NA,0.137823,NA,0.204255,NA,NA,NA,"47","om","4","opaka-sim"
690.906,NA,159.148,NA,0.701048,NA,0.153357,NA,0.219579,NA,NA,NA,"48","om","4","opaka-sim"
875.049,NA,206.051,NA,0.696698,NA,0.156264,NA,0.278101,NA,NA,NA,"49","om","4","opaka-sim"
924.679,NA,90.3489,NA,0.699654,NA,0.156946,NA,0.293874,NA,NA,NA,"50","om","4","opaka-sim"
905.888,NA,212.465,NA,0.691439,NA,0.151769,NA,0.287902,NA,NA,NA,"51","om","4","opaka-sim"
897.656,NA,312.859,NA,0.688788,NA,0.151326,NA,0.285286,NA,NA,NA,"52","om","4","opaka-sim"
905.422,NA,275.324,NA,0.660915,NA,0.132773,NA,0.287754,NA,NA,NA,"53","om","4","opaka-sim"
874.953,NA,365.252,NA,0.651239,NA,0.125631,NA,0.278071,NA,NA,NA,"54","om","4","opaka-sim"
915.858,NA,144.575,NA,0.635754,NA,0.119501,NA,0.291071,NA,NA,NA,"55","om","4","opaka-sim"
1031.9,NA,58.7097,NA,0.596945,NA,0.10645,NA,0.32795,NA,NA,NA,"56","om","4","opaka-sim"
1163.13,NA,285.035,NA,0.589115,NA,0.108813,NA,0.369657,NA,NA,NA,"57","om","4","opaka-sim"
1322,NA,306.197,NA,0.574628,NA,0.104122,NA,0.420149,NA,NA,NA,"58","om","4","opaka-sim"
1345.21,NA,93.9697,NA,0.563199,NA,0.0965595,NA,0.427524,NA,NA,NA,"59","om","4","opaka-sim"
1298.41,NA,225.597,NA,0.547238,NA,0.0917508,NA,0.412652,NA,NA,NA,"60","om","4","opaka-sim"
1369.71,NA,134.007,NA,0.535527,NA,0.090176,NA,0.435311,NA,NA,NA,"61","om","4","opaka-sim"
1461.9,NA,411.569,NA,0.516799,NA,0.0841391,NA,0.464611,NA,NA,NA,"62","om","4","opaka-sim"
1446.94,NA,106.668,NA,0.512671,NA,0.0821631,NA,0.459856,NA,NA,NA,"63","om","4","opaka-sim"
1471.15,NA,97.0605,NA,0.514497,NA,0.0813033,NA,0.467549,NA,NA,NA,"64","om","4","opaka-sim"
1470.16,NA,239.526,NA,0.491694,NA,0.0780009,NA,0.467235,NA,NA,NA,"65","om","4","opaka-sim"
1610.33,NA,119.077,NA,0.450308,NA,0.0677048,NA,0.511782,NA,NA,NA,"66","om","4","opaka-sim"
1614.07,NA,270.458,NA,0.48527,NA,0.0754906,NA,0.51297,NA,NA,NA,"67","om","4","opaka-sim"
1564.21,NA,235.691,NA,0.464543,NA,0.0702725,NA,0.497125,NA,NA,NA,"68","om","4","opaka-sim"
1585.68,NA,324.04,NA,0.422278,NA,0.0595723,NA,0.50395,NA,NA,NA,"69","om","4","opaka-sim"
1577.81,NA,78.5787,NA,0.46158,NA,0.0682677,NA,0.501449,NA,NA,NA,"70","om","4","opaka-sim"
1630.14,NA,253.37,NA,0.437346,NA,0.0631237,NA,0.518079,NA,NA,NA,"71","om","4","opaka-sim"
1699.68,NA,190.983,NA,0.483455,NA,0.0757073,NA,0.54018,NA,NA,NA,"72","om","4","opaka-sim"
1780.15,NA,531.177,NA,0.481514,NA,0.0743875,NA,0.565752,NA,NA,NA,"73","om","4","opaka-sim"
1734.09,NA,135.105,NA,0.481599,NA,0.0732383,NA,0.551115,NA,NA,NA,"74","om","4","opaka-sim"
1752.07,NA,101.736,NA,0.484408,NA,0.0728173,NA,0.556831,NA,7.46856,NA,"75","om","4","opaka-sim"
3367.69,382.342,206.856,98.211,0.358453,0.0286452,0.0479495,0.00539343,NA,NA,8.12198,0.113533,"1","em","5","opaka-sim"
3249.11,382.352,232.846,113.548,0.182297,0.018184,0.0203598,0.00237041,0.835424,0.0165689,NA,NA,"2","em","5","opaka-sim"
3234.42,382.451,254.307,126.377,0.418808,0.0322752,0.0602781,0.00707191,0.831646,0.0169545,NA,NA,"3","em","5","opaka-sim"
3086.15,382.455,245.207,121.127,0.253151,0.0249881,0.0302208,0.00373304,0.793523,0.0207873,NA,NA,"4","em","5","opaka-sim"
3030.71,387.845,236.447,115.527,0.277462,0.0274778,0.0338726,0.00427505,0.779269,0.0288103,NA,NA,"5","em","5","opaka-sim"
2982.4,397.005,224.855,108.181,0.387292,0.0348078,0.0534033,0.00689982,0.766847,0.0380362,NA,NA,"6","em","5","opaka-sim"
2895.33,405.138,217.345,103.382,0.335849,0.0334894,0.0436879,0.00586292,0.744458,0.0459187,NA,NA,"7","em","5","opaka-sim"
2847.94,408.979,241.091,116.638,0.392289,0.0373004,0.0545418,0.00747229,0.732273,0.0504891,NA,NA,"8","em","5","opaka-sim"
2770.11,408.514,234.18,112.017,0.352108,0.0360295,0.0467006,0.00654604,0.712262,0.0532335,NA,NA,"9","em","5","opaka-sim"
2715.63,405.138,215.122,100.458,0.376699,0.0376873,0.0513016,0.00722095,0.698254,0.0543858,NA,NA,"10","em","5","opaka-sim"
2649.55,399.138,195.119,88.6781,0.417168,0.0395878,0.0596703,0.00839832,0.681262,0.0546005,NA,NA,"11","em","5","opaka-sim"
2580,389.576,195.185,88.0995,0.379521,0.037775,0.0519742,0.00733866,0.663378,0.053555,NA,NA,"12","em","5","opaka-sim"
2538.63,378.371,196.569,88.2374,0.405471,0.038643,0.0573759,0.00804035,0.652743,0.0517119,NA,NA,"13","em","5","opaka-sim"
2475.68,366.679,183.832,81.087,0.436097,0.0397513,0.0641032,0.00894051,0.636557,0.0499998,NA,NA,"14","em","5","opaka-sim"
2386.08,354.835,180.686,79.095,0.448432,0.0401889,0.0669271,0.00932549,0.613519,0.048558,NA,NA,"15","em","5","opaka-sim"
2293.72,341.78,181.259,79.1552,0.468841,0.0407412,0.0718809,0.010007,0.589772,0.0467715,NA,NA,"16","em","5","opaka-sim"
2197.64,327.797,186.428,81.778,0.494988,0.0414555,0.0785756,0.010955,0.565067,0.0447953,NA,NA,"17","em","5","opaka-sim"
2088.97,314.368,156.32,66.8925,0.49791,0.0417821,0.0792453,0.0110974,0.537124,0.0431592,NA,NA,"18","em","5","opaka-sim"
1988.21,301.155,164.451,71.768,0.517944,0.0422114,0.0847935,0.0119113,0.511217,0.0414722,NA,NA,"19","em","5","opaka-sim"
1889.11,288.054,179.341,81.2346,0.533666,0.0426151,0.0895443,0.0127202,0.485735,0.0397231,NA,NA,"20","em","5","opaka-sim"
1795.63,275.896,210.551,101.976,0.553008,0.0436193,0.0953907,0.0138292,0.461699,0.0381132,NA,NA,"21","em","5","opaka-sim"
1688.28,267.888,372.346,184.67,0.566752,0.0450768,0.0993661,0.014838,0.434098,0.0378304,NA,NA,"22","em","5","opaka-sim"
1590.35,262.828,286.18,149.167,0.572866,0.0468404,0.0998711,0.0150385,0.408916,0.0381493,NA,NA,"23","em","5","opaka-sim"
1516.71,262.173,200.034,93.4512,0.602074,0.0470633,0.108401,0.0157955,0.389983,0.0394201,NA,NA,"24","em","5","opaka-sim"
1476,262.102,164.481,71.9913,0.612993,0.0437268,0.114043,0.0158474,0.379515,0.0405276,NA,NA,"25","em","5","opaka-sim"
1537.55,247.241,146.772,61.5705,0.622585,0.0406064,0.120278,0.0160887,0.39534,0.0379348,NA,NA,"26","em","5","opaka-sim"
1564.45,231.54,154.707,64.4858,0.596223,0.0398517,0.111058,0.0146688,0.402257,0.0337533,NA,NA,"27","em","5","opaka-sim"
1550.85,223.496,156.807,64.8525,0.605409,0.0395611,0.114761,0.0150818,0.398761,0.0317769,NA,NA,"28","em","5","opaka-sim"
1493.85,217.285,152.819,62.6666,0.622734,0.0399201,0.121099,0.0160083,0.384104,0.0306924,NA,NA,"29","em","5","opaka-sim"
1408.13,210.857,129.51,51.9528,0.634789,0.0403821,0.125605,0.0167782,0.362065,0.029962,NA,NA,"30","em","5","opaka-sim"
1320.65,201.927,134.564,54.3547,0.642598,0.0406364,0.128856,0.0174312,0.339571,0.0287352,NA,NA,"31","em","5","opaka-sim"
1239.01,191.216,151.604,62.3203,0.636749,0.0411534,0.126327,0.0173844,0.318579,0.0271448,NA,NA,"32","em","5","opaka-sim"
1168.93,180.781,164.235,68.2868,0.655145,0.0414143,0.134065,0.0186991,0.30056,0.0256037,NA,NA,"33","em","5","opaka-sim"
1086.1,173.565,154.49,64.7397,0.687013,0.0413411,0.148864,0.0210484,0.279263,0.0250823,NA,NA,"34","em","5","opaka-sim"
999.053,167.052,154.462,65.5297,0.657086,0.0434492,0.13338,0.0192316,0.25688,0.0247673,NA,NA,"35","em","5","opaka-sim"
955.909,160.324,161.378,69.6116,0.647065,0.0433615,0.128944,0.0185592,0.245787,0.0238965,NA,NA,"36","em","5","opaka-sim"
937.327,154.113,171.793,75.6789,0.649526,0.0429855,0.13008,0.0186455,0.241009,0.0228792,NA,NA,"37","em","5","opaka-sim"
921.201,151.153,187.099,85.0797,0.614398,0.0438977,0.115214,0.0165414,0.236863,0.0225762,6.82568,0.164082,"38","em","5","opaka-sim"
925.49,150.65,184.784,87.1148,0.635801,0.04316,0.123559,0.0175586,0.237966,0.0225442,NA,NA,"39","em","5","opaka-sim"
927.31,151.955,226.357,116.734,0.62435,0.0436237,0.118607,0.0169634,0.238434,0.0229179,NA,NA,"40","em","5","opaka-sim"
943.725,155.144,356.892,195.897,0.63166,0.0438058,0.121393,0.0175926,0.242654,0.0235346,NA,NA,"41","em","5","opaka-sim"
967.062,161.286,327.243,184.915,0.61574,0.045493,0.113092,0.0164289,0.248655,0.0247855,NA,NA,"42","em","5","opaka-sim"
1001.09,172.785,217.37,109.821,0.653929,0.044827,0.126752,0.0177166,0.257405,0.0273395,NA,NA,"43","em","5","opaka-sim"
1049.98,188.117,189.651,90.1388,0.652925,0.0429675,0.128613,0.0172457,0.269976,0.0307863,NA,NA,"44","em","5","opaka-sim"
1175.54,201.258,184.908,85.9518,0.640112,0.040046,0.126678,0.0164998,0.302261,0.0338814,NA,NA,"45","em","5","opaka-sim"
1291.88,194.295,195.145,92.002,0.684668,0.0377462,0.149769,0.0193555,0.332173,0.0299612,NA,NA,"46","em","5","opaka-sim"
1296.26,196.586,250.999,126.357,0.648712,0.0401813,0.132026,0.0176872,0.3333,0.0296781,NA,NA,"47","em","5","opaka-sim"
1287.01,199.436,201.012,131.737,0.661533,0.0410054,0.13682,0.0187046,0.330922,0.0298548,NA,NA,"48","em","5","opaka-sim"
1253.78,202.317,315.217,274.053,0.665783,0.0422385,0.137588,0.0194252,0.322378,0.0306794,NA,NA,"49","em","5","opaka-sim"
1224.74,205.481,272.633,236.1,0.674488,0.0431731,0.141264,0.0202337,0.31491,0.0319701,NA,NA,"50","em","5","opaka-sim"
1220.5,211.601,167.018,100.19,0.657494,0.0455577,0.131486,0.0186797,0.313819,0.0345592,NA,NA,"51","em","5","opaka-sim"
1218.76,224.483,187.191,116.53,0.585835,0.0448946,0.104325,0.0145583,0.313371,0.0377537,NA,NA,"52","em","5","opaka-sim"
1319.59,226.736,179.748,109.702,0.576491,0.0416915,0.103146,0.0141242,0.339298,0.0402756,NA,NA,"53","em","5","opaka-sim"
1401.66,210.742,164.36,97.6647,0.570258,0.0420288,0.101314,0.0140296,0.360399,0.0331333,NA,NA,"54","em","5","opaka-sim"
1413.96,219.173,184.154,123.4,0.556723,0.0432622,0.0967732,0.0139196,0.363562,0.0340745,NA,NA,"55","em","5","opaka-sim"
1420.84,226.273,480.716,288.346,0.510512,0.0451882,0.0824785,0.0126399,0.365332,0.033796,NA,NA,"56","em","5","opaka-sim"
1435.9,238.975,256.221,195.181,0.50869,0.0484485,0.0800885,0.0122907,0.369204,0.0350675,NA,NA,"57","em","5","opaka-sim"
1435.77,258.708,153.154,86.5522,0.504749,0.0491843,0.0770641,0.0112214,0.36917,0.0388502,NA,NA,"58","em","5","opaka-sim"
1469.32,275.258,160.059,87.9942,0.480539,0.0414361,0.0734549,0.0101543,0.377797,0.0420064,NA,NA,"59","em","5","opaka-sim"
1679.1,250.25,157.08,83.5314,0.463229,0.0388088,0.0708148,0.00955542,0.431736,0.0429115,NA,NA,"60","em","5","opaka-sim"
1791.23,251.894,165.531,84.0725,0.449098,0.0385585,0.0676057,0.00913333,0.460569,0.0394455,NA,NA,"61","em","5","opaka-sim"
1813.19,260.357,128.218,63.6052,0.435088,0.0388377,0.0641318,0.00878444,0.466216,0.0394782,NA,NA,"62","em","5","opaka-sim"
1810.61,265.7,247.947,95.2004,0.421478,0.0391553,0.0609113,0.00851669,0.465551,0.0389134,NA,NA,"63","em","5","opaka-sim"
1795.42,268.737,91.5023,40.2218,0.407531,0.0394218,0.057563,0.00821113,0.461646,0.038321,NA,NA,"64","em","5","opaka-sim"
1777.05,270.838,320.971,78.1617,0.427588,0.0412115,0.0614558,0.00892926,0.456921,0.0379501,NA,NA,"65","em","5","opaka-sim"
1733.35,272.307,628.807,97.8353,0.356792,0.0381943,0.0472571,0.00701467,0.445687,0.0380995,NA,NA,"66","em","5","opaka-sim"
1771.97,276.514,283.467,48.2183,0.365393,0.0391965,0.0469988,0.00690823,0.455615,0.038299,NA,NA,"67","em","5","opaka-sim"
1746.49,278.303,184.542,33.7226,0.336526,0.0365533,0.0412761,0.0059196,0.449064,0.0391177,NA,NA,"68","em","5","opaka-sim"
1885.89,289.694,83.5147,19.5223,0.365796,0.0364125,0.0485465,0.00677763,0.484907,0.0393758,NA,NA,"69","em","5","opaka-sim"
2219.15,320.398,506.433,83.1104,0.356235,0.0353161,0.0480964,0.0066815,0.570598,0.0410696,NA,NA,"70","em","5","opaka-sim"
2388.82,341.656,156.434,33.8571,0.414635,0.0384597,0.0596608,0.00831661,0.614222,0.0435195,NA,NA,"71","em","5","opaka-sim"
2403.12,352.463,124.36,29.9074,0.374237,0.0375296,0.0500874,0.00712297,0.617899,0.0456253,NA,NA,"72","em","5","opaka-sim"
2367.15,355.629,264.579,66.0281,0.443549,0.0409931,0.0660332,0.00955194,0.608651,0.0465405,NA,NA,"73","em","5","opaka-sim"
2489.79,380.849,87.8577,32.7713,0.440437,0.0425308,0.0654404,0.0098599,0.640185,0.0497216,NA,NA,"74","em","5","opaka-sim"
2444.02,390.626,144.585,75.3304,0.464165,0.0455123,0.0706491,0.0111639,0.628416,0.0525714,7.8014,0.159829,"75","em","5","opaka-sim"
2621.05,NA,110.58,NA,0.424052,NA,0.0613247,NA,NA,NA,7.87133,NA,"1","om","5","opaka-sim"
2502.77,NA,243.226,NA,0.226404,NA,0.0264085,NA,0.79541,NA,NA,NA,"2","om","5","opaka-sim"
2487.78,NA,94.354,NA,0.493406,NA,0.0785071,NA,0.790648,NA,NA,NA,"3","om","5","opaka-sim"
2334.11,NA,281.437,NA,0.315334,NA,0.0401394,NA,0.741807,NA,NA,NA,"4","om","5","opaka-sim"
2249.46,NA,152.049,NA,0.344686,NA,0.0453801,NA,0.714905,NA,NA,NA,"5","om","5","opaka-sim"
2216.49,NA,257.03,NA,0.473095,NA,0.0722699,NA,0.704429,NA,NA,NA,"6","om","5","opaka-sim"
2067.68,NA,147.038,NA,0.419368,NA,0.0598725,NA,0.657135,NA,NA,NA,"7","om","5","opaka-sim"
2049.06,NA,121.027,NA,0.482091,NA,0.0745728,NA,0.651217,NA,NA,NA,"8","om","5","opaka-sim"
1963.21,NA,116.269,NA,0.439896,NA,0.0650068,NA,0.623932,NA,NA,NA,"9","om","5","opaka-sim"
1953.91,NA,381.372,NA,0.467775,NA,0.0721819,NA,0.620975,NA,NA,NA,"10","om","5","opaka-sim"
1880.89,NA,111.655,NA,0.520959,NA,0.0854881,NA,0.59777,NA,NA,NA,"11","om","5","opaka-sim"
1755.25,NA,128.426,NA,0.485932,NA,0.0744201,NA,0.55784,NA,NA,NA,"12","om","5","opaka-sim"
1671.98,NA,113.396,NA,0.507331,NA,0.0818349,NA,0.531376,NA,NA,NA,"13","om","5","opaka-sim"
1727.02,NA,298.892,NA,0.540907,NA,0.092558,NA,0.548869,NA,NA,NA,"14","om","5","opaka-sim"
1646.96,NA,184.775,NA,0.556324,NA,0.0966149,NA,0.523423,NA,NA,NA,"15","om","5","opaka-sim"
1544.45,NA,141.767,NA,0.581871,NA,0.10318,NA,0.490845,NA,NA,NA,"16","om","5","opaka-sim"
1439.98,NA,183.529,NA,0.60205,NA,0.111473,NA,0.457644,NA,NA,NA,"17","om","5","opaka-sim"
1435.63,NA,190.42,NA,0.600636,NA,0.111852,NA,0.456262,NA,NA,NA,"18","om","5","opaka-sim"
1396.73,NA,89.2116,NA,0.618276,NA,0.118264,NA,0.443898,NA,NA,NA,"19","om","5","opaka-sim"
1324.04,NA,236.779,NA,0.631384,NA,0.124006,NA,0.420795,NA,NA,NA,"20","om","5","opaka-sim"
1270.69,NA,232.205,NA,0.645107,NA,0.130385,NA,0.403842,NA,NA,NA,"21","om","5","opaka-sim"
1217.33,NA,306.481,NA,0.659339,NA,0.134058,NA,0.386881,NA,NA,NA,"22","om","5","opaka-sim"
1119.84,NA,277.832,NA,0.661653,NA,0.133329,NA,0.355899,NA,NA,NA,"23","om","5","opaka-sim"
1107.29,NA,94.8628,NA,0.678509,NA,0.140274,NA,0.351909,NA,NA,NA,"24","om","5","opaka-sim"
1114.03,NA,142.565,NA,0.688517,NA,0.148364,NA,0.354051,NA,NA,NA,"25","om","5","opaka-sim"
1163.61,NA,317.396,NA,0.695961,NA,0.157235,NA,0.36981,NA,NA,NA,"26","om","5","opaka-sim"
1185.58,NA,159.89,NA,0.680546,NA,0.146486,NA,0.376792,NA,NA,NA,"27","om","5","opaka-sim"
1114.29,NA,57.1398,NA,0.694504,NA,0.150408,NA,0.354134,NA,NA,NA,"28","om","5","opaka-sim"
1055.26,NA,244.521,NA,0.69672,NA,0.155629,NA,0.335374,NA,NA,NA,"29","om","5","opaka-sim"
1088.53,NA,176.406,NA,0.701347,NA,0.159659,NA,0.345948,NA,NA,NA,"30","om","5","opaka-sim"
1042.37,NA,72.9111,NA,0.711104,NA,0.160898,NA,0.331278,NA,NA,NA,"31","om","5","opaka-sim"
937.172,NA,88.2882,NA,0.69955,NA,0.155838,NA,0.297845,NA,NA,NA,"32","om","5","opaka-sim"
936.135,NA,128.109,NA,0.706005,NA,0.162965,NA,0.297515,NA,NA,NA,"33","om","5","opaka-sim"
908.485,NA,172.214,NA,0.738024,NA,0.182714,NA,0.288728,NA,NA,NA,"34","om","5","opaka-sim"
804.249,NA,72.3797,NA,0.722203,NA,0.168546,NA,0.2556,NA,NA,NA,"35","om","5","opaka-sim"
723.045,NA,223.104,NA,0.722422,NA,0.167391,NA,0.229793,NA,NA,NA,"36","om","5","opaka-sim"
680.348,NA,179.083,NA,0.730879,NA,0.17332,NA,0.216223,NA,NA,NA,"37","om","5","opaka-sim"
664.628,NA,128.469,NA,0.707131,NA,0.154,NA,0.211227,NA,6.49923,NA,"38","om","5","opaka-sim"
630.737,NA,183.007,NA,0.720832,NA,0.164087,NA,0.200456,NA,NA,NA,"39","om","5","opaka-sim"
667.848,NA,242.612,NA,0.706114,NA,0.157712,NA,0.21225,NA,NA,NA,"40","om","5","opaka-sim"
699.107,NA,176.35,NA,0.714536,NA,0.160268,NA,0.222185,NA,NA,NA,"41","om","5","opaka-sim"
697.702,NA,475.551,NA,0.696893,NA,0.149212,NA,0.221738,NA,NA,NA,"42","om","5","opaka-sim"
733.368,NA,238.002,NA,0.730149,NA,0.16625,NA,0.233073,NA,NA,NA,"43","om","5","opaka-sim"
780.704,NA,164.004,NA,0.736875,NA,0.165698,NA,0.248117,NA,NA,NA,"44","om","5","opaka-sim"
814.75,NA,130.05,NA,0.71016,NA,0.158675,NA,0.258938,NA,NA,NA,"45","om","5","opaka-sim"
1002.7,NA,268.787,NA,0.740874,NA,0.184343,NA,0.318671,NA,NA,NA,"46","om","5","opaka-sim"
1042.54,NA,307.346,NA,0.708361,NA,0.162966,NA,0.331332,NA,NA,NA,"47","om","5","opaka-sim"
1028.36,NA,84.0703,NA,0.720603,NA,0.165056,NA,0.326825,NA,NA,NA,"48","om","5","opaka-sim"
977.821,NA,163.152,NA,0.717766,NA,0.163824,NA,0.310763,NA,NA,NA,"49","om","5","opaka-sim"
1004.31,NA,111.655,NA,0.716477,NA,0.168496,NA,0.319183,NA,NA,NA,"50","om","5","opaka-sim"
1047.38,NA,139.586,NA,0.711111,NA,0.165026,NA,0.332869,NA,NA,NA,"51","om","5","opaka-sim"
978.202,NA,397.536,NA,0.66564,NA,0.14037,NA,0.310885,NA,NA,NA,"52","om","5","opaka-sim"
954.311,NA,159.406,NA,0.682788,NA,0.144301,NA,0.303292,NA,NA,NA,"53","om","5","opaka-sim"
898.713,NA,159.002,NA,0.687835,NA,0.14203,NA,0.285622,NA,NA,NA,"54","om","5","opaka-sim"
878.251,NA,217.961,NA,0.659525,NA,0.133947,NA,0.279119,NA,NA,NA,"55","om","5","opaka-sim"
1009.69,NA,191.445,NA,0.601541,NA,0.111059,NA,0.320893,NA,NA,NA,"56","om","5","opaka-sim"
1060.54,NA,273.851,NA,0.587692,NA,0.105416,NA,0.337053,NA,NA,NA,"57","om","5","opaka-sim"
1091.64,NA,120.906,NA,0.579191,NA,0.102116,NA,0.346936,NA,NA,NA,"58","om","5","opaka-sim"
1146.67,NA,214.594,NA,0.568693,NA,0.0986301,NA,0.364425,NA,NA,NA,"59","om","5","opaka-sim"
1196.46,NA,79.2942,NA,0.554317,NA,0.0956247,NA,0.380249,NA,NA,NA,"60","om","5","opaka-sim"
1279.66,NA,119.855,NA,0.542796,NA,0.0920075,NA,0.40669,NA,NA,NA,"61","om","5","opaka-sim"
1286.41,NA,242.261,NA,0.523097,NA,0.0873218,NA,0.408837,NA,NA,NA,"62","om","5","opaka-sim"
1319.62,NA,117.041,NA,0.514067,NA,0.0835013,NA,0.419391,NA,NA,NA,"63","om","5","opaka-sim"
1278.75,NA,54.4934,NA,0.498884,NA,0.0781425,NA,0.406404,NA,NA,NA,"64","om","5","opaka-sim"
1256.03,NA,253.499,NA,0.511182,NA,0.0830671,NA,0.399183,NA,NA,NA,"65","om","5","opaka-sim"
1293.02,NA,560.626,NA,0.43837,NA,0.0645123,NA,0.410937,NA,NA,NA,"66","om","5","opaka-sim"
1290.91,NA,328.19,NA,0.452235,NA,0.0642542,NA,0.410268,NA,NA,NA,"67","om","5","opaka-sim"
1245.71,NA,187.137,NA,0.42166,NA,0.0559386,NA,0.395903,NA,NA,NA,"68","om","5","opaka-sim"
1349.2,NA,71.0395,NA,0.445179,NA,0.0639271,NA,0.428794,NA,NA,NA,"69","om","5","opaka-sim"
1648.9,NA,528.715,NA,0.422716,NA,0.0614873,NA,0.524042,NA,NA,NA,"70","om","5","opaka-sim"
1854.91,NA,183.686,NA,0.479396,NA,0.0747648,NA,0.589513,NA,NA,NA,"71","om","5","opaka-sim"
1900.81,NA,146.385,NA,0.433962,NA,0.0617806,NA,0.604102,NA,NA,NA,"72","om","5","opaka-sim"
1891.83,NA,409.157,NA,0.498963,NA,0.0796516,NA,0.601246,NA,NA,NA,"73","om","5","opaka-sim"
2062.97,NA,237.512,NA,0.487355,NA,0.0764322,NA,0.655639,NA,NA,NA,"74","om","5","opaka-sim"
2075.48,NA,226.836,NA,0.504387,NA,0.0795419,NA,0.659612,NA,7.63795,NA,"75","om","5","opaka-sim"
